SRC_ID,Segment,8_name,12_code,TotDASqKm,slope,length,wbody,s_order,Stream Type,Bedform,Ph2SedReg,Class,ElevDS_m,L_m,DA      _sqkm,W_reg      _m,W_Ph2      _m,W_rat,D_reg     _m,D_mn     _m,D_rat,V_mps,Rh_m,D95_mm,D84_mm,D95toD50,D84toD50,TSP,SSPup,SSPcr_Soar_D84,SSPcr_Lea_D84,logValue_Lea,tau_cr_D84,S,VC,VC_rat,ER,WtoD,IR,d50_mm,d84_d16,nBars,nFCs,pArmor,SSP,SSP_bal,SSPcr_rat_Soar,SSP_exc_Soar,SSPcr_rat_Lea,SSP_exc_Lea,RR,SSPtoD50,SSPfrXSsprdsht,Differen_SSP,RPD_SSP
1,118_M15T1.03A,blackconnecticut,0504,73.9,0.00070028,435.2,FALSE,1,D4,Braided,DEP,6,153.0,435.2,73.9,17.4,17.4,1.0,0.800,0.800,1,,,148.9,106.6,3.3,2.3,124.1,67.4,245.6,156,1589.9,41.6,0.070,8.7,0.6,99.0,99.0,1.0,45.7,105.9,0.0,0.0,0,7.1,0.11,0.03,-238.5073583,0.05,-148.9,,155.8,0.0,-7.1,-100.0
2,118_M15T1.03B,blackconnecticut,0504,73.6,0.006650246,1237.4,FALSE,1,C4,Riffle Pool,CEFD,5,153.3,1237.4,73.6,17.4,11.7,0.7,0.799,0.856,1.072,1.83,0.80,148.9,106.6,3.3,2.3,1173.8,156.7,166.1,313.2,314.4,78.1,0.665,14.0,2.4,7.8,13.7,1.1,45.7,105.9,18.6,4.0,0.003,67.4,0.43,0.41,-98.66260275,0.22,-245.8,7.52,1476.0,95.6,28.2,41.8
3,118_M15T1.04,blackconnecticut,0504,72.0,0.015682175,1166.1,FALSE,1,A1c,Bedrock,TR,1,161.5,1166.1,72.0,17.2,17.2,1.0,0.794,0.794,1,,,611.9,250.3,6.1,2.5,2701.8,7.1,472.5,1461.4,181.3,233.1,1.568,5.8,0.2,1.7,12.0,1.0,100.3,223.6,0.0,0.0,0,156.7,21.99,0.33,-315.7630599,0.11,-1304.7,,1562.2,0.0,-156.7,-100.0
4,118_M15T1.05-,blackconnecticut,0504,61.7,0.000785546,1940,FALSE,1,E5,Dune Ripple,CEFD,5,179.8,1940.0,61.7,16.1,12.5,0.8,0.758,1.125,1.484,1.52,1.02,5.9,3.4,6.7,3.9,114.8,5.9,1.1,1,2417.8,1.4,0.079,36.8,0.8,7.3,11.1,1.0,0.9,3.3,21.1,0.0,0.03,7.1,1.21,6.66,6.054284579,7.23,6.1,299.52,8081.5,11.9,4.8,67.7
5,118_M15T1.06A,blackconnecticut,0504,54.0,0.000706964,862.2,FALSE,1,E5,Dune Ripple,CEFD,5,181.3,862.2,54.0,15.2,12.6,0.8,0.728,0.951,1.306,1.05,0.90,23.3,14.0,32.6,19.5,89.6,6.7,4.0,9.6,13213,5.5,0.071,48.5,1.3,7.3,13.2,1.0,0.7,13.8,12.8,1.2,0.02,5.9,0.88,1.46,1.865611063,0.62,-3.7,64.53,8233.5,6.6,0.7,11.5
6,118_M15T1.06B,blackconnecticut,0504,53.5,0.000806885,1133.2,FALSE,1,E5,Dune Ripple,FSTCD,4,182.0,1133.2,53.5,15.1,12.6,0.8,0.726,1.122,1.545,0.91,1.04,155.5,59.6,77.8,29.8,101.2,28.1,28.2,92.3,18346,24.2,0.081,36.2,1.0,4.8,11.3,1.6,2.0,59.5,10.6,0.9,0.05,6.7,0.24,0.24,-21.49276654,0.07,-85.6,17.37,3344.2,7.5,0.8,12.1
7,118_M15T1.07-,blackconnecticut,0504,47.7,0.003649635,835.1,FALSE,1,F4,Riffle Pool,FSTCD,4,182.9,835.1,47.7,14.4,18.7,1.3,0.702,0.479,0.682,0.90,0.47,260.5,92.1,5.3,1.9,405.1,92.6,168.4,202.8,387.1,57,0.365,35.7,4.4,1.3,38.1,2.0,49.4,91.7,20.4,4.8,0.16,28.1,0.30,0.17,-140.2343262,0.14,-174.6,5.13,569.9,15.2,-13.0,-46.0
8,118_M15T1.08-,blackconnecticut,0504,47.4,0.012057878,758.3,FALSE,1,F4,Riffle Pool,UST,3,185.9,758.3,47.4,14.3,12.9,0.9,0.700,0.808,1.154,2.13,0.76,284.0,143.5,4.5,2.3,1327.7,103.6,229.4,578.4,199.7,124.1,1.206,8.2,1.2,1.4,16.0,2.2,63.1,108.4,7.9,1.3,0.16,92.6,0.89,0.40,-136.8442875,0.16,-485.8,5.31,1467.7,192.4,99.8,107.8
9,118_M15T1.09-,blackconnecticut,0504,46.5,0.013646288,1116.7,FALSE,1,F4,Plane Bed,UST,3,195.1,1116.7,46.5,14.2,12.6,0.9,0.696,0.649,0.932,1.41,0.63,467.2,285.0,10.6,6.5,1474.5,49.5,369.9,2013.6,518.3,255.3,1.365,7.0,0.4,1.2,19.3,3.2,44.2,274.6,4.5,0.0,0.28,103.6,2.09,0.28,-266.2996237,0.05,-1910,2.21,2346.1,119.5,15.9,15.4
10,118_M15T1.10-,blackconnecticut,0504,31.5,0.008333333,731.5,FALSE,1,F3,Riffle Pool,UST,3,210.3,731.5,31.5,12.0,11.7,1.0,0.620,0.451,0.728,1.05,0.44,198.7,151.1,3.0,2.3,593.6,124.6,269.5,563,262.2,117.9,0.833,15.9,2.1,1.1,25.9,1.8,66.0,122.7,17.8,1.4,0.09,49.5,0.40,0.18,-220.0156178,0.09,-513.5,2.88,749.8,37.2,-12.3,-24.8
11,118_M15T1.11A,blackconnecticut,0504,30.1,0.021582734,127.1,FALSE,1,F3b,Plane Bed,UST,3,216.4,127.1,30.1,11.8,12.3,1.1,0.611,0.561,0.918,1.81,0.55,361.0,206.3,3.8,2.2,1464.0,203.3,346.9,1162.1,125.7,210.1,2.158,7.7,1.8,1.3,22.0,2.7,94.7,179.1,7.9,0.0,0.41,124.6,0.61,0.36,-222.3661146,0.11,-1037.5,2.66,1314.8,210.1,85.5,68.7
12,118_M15T1.11B,blackconnecticut,0504,30.1,0.03525641,95.1,FALSE,1,F3b,Step Pool,UST,3,219.1,95.1,30.1,11.7,10.2,0.9,0.611,0.561,0.918,2.04,0.52,611.9,250.3,6.1,2.5,2388.6,422.9,372.8,1823.3,101.2,292.5,3.526,4.2,1.8,1.1,18.2,3.0,100.3,223.6,10.5,0.0,1.00,203.3,0.48,0.55,-169.459395,0.11,-1620,2.07,2027.2,366.3,162.9,80.1
13,118_M15T1.11C,blackconnecticut,0504,30.1,0.073349633,124.7,FALSE,1,A1,Bedrock,TR,1,222.5,124.7,30.1,11.7,11.7,1.0,0.611,0.611,1,,,3691.5,2936.7,15.7,12.5,4967.1,222.7,5070.4,123130.7,299.7,4212.6,7.335,2.3,0.8,1.7,12.0,1.0,234.4,2740.9,0.0,0.0,0.08,422.9,1.90,0.08,-4647.472225,0.00,-122707.8,,1804.1,0.0,-422.9,-100.0
14,118_M19A,blackconnecticut,0503,301.8,0.001885458,1293.2,FALSE,1,C4,Riffle Pool,FSTCD,4,162.1,1293.2,301.8,32.4,39.3,1.2,1.220,0.933,0.765,1.09,0.91,124.5,99.5,2.6,2.1,1505.4,142.1,199.7,189.7,704.9,51.2,0.189,7.5,1.0,3.1,42.1,1.7,47.1,99.1,2.3,3.1,0.04,46.5,0.33,0.23,-153.2066151,0.24,-143.2,9.13,986.3,18.2,-28.2,-60.8
15,118_M19B,blackconnecticut,0503,299.8,0.005790388,1052.7,FALSE,1,F3,Riffle Pool,UST,3,164.6,1052.7,299.8,32.3,36.7,1.1,1.218,0.753,0.618,1.47,0.75,214.7,133.2,3.2,2.0,4590.7,115.7,259.8,407.9,293.5,93.8,0.579,7.9,1.0,1.1,48.1,2.1,67.5,132.8,1.9,0.0,0,142.1,1.23,0.55,-117.7080154,0.35,-265.8,5.61,2104.3,62.2,-79.9,-56.2
16,118_M26-,blackconnecticut,0503,259.8,0.005509642,553.2,FALSE,1,F4,Plane Bed,UST,3,225.5,553.2,259.8,30.3,37.2,1.2,1.166,0.872,0.747,1.52,0.86,279.2,157.1,4.6,2.6,3747.2,100.8,293.6,539.1,398.7,109.1,0.551,4.7,0.7,1.3,42.7,2.3,60.8,156.1,0.0,0.0,0.05,123.6,1.23,0.42,-170.0421756,0.23,-415.5,5.47,2033.2,70.8,-52.7,-42.7
17,118_M26T2.01-,blackconnecticut,0503,38.9,0.013181019,346.8,FALSE,1,C3,Plane Bed,UST,3,228.6,346.8,38.9,13.2,10.0,0.8,0.660,0.826,1.252,1.82,0.77,336.0,250.6,4.3,3.2,1175.1,153.6,436.3,1460.1,264.3,222.3,1.318,5.5,1.2,4.3,12.2,1.6,78.1,249.4,8.6,2.9,0.28,89.4,0.58,0.20,-346.9675314,0.06,-1370.8,3.06,1144.4,181.0,91.7,102.6
18,118_M26T2.05-,blackconnecticut,0503,33.9,0.010185186,1645.8,FALSE,1,C3,Riffle Pool,CEFD,5,318.5,1645.8,33.9,12.4,12.0,1.0,0.633,0.649,1.025,1.12,0.63,426.4,333.1,4.3,3.4,784.9,30.9,692.4,2093.9,335.9,274.9,1.019,8.0,0.7,3.6,18.4,1.2,98.3,332.0,9.1,3.6,0.06,63.4,2.05,0.09,-629.0091948,0.03,-2030.5,1.88,644.8,70.4,7.1,11.2
19,118_M26T2.06A,blackconnecticut,0503,29.6,0.005412929,1970.7,FALSE,1,E4,Riffle Pool,CEFD,5,335.3,1970.7,29.6,11.7,8.8,0.8,0.608,0.847,1.394,1.69,0.77,151.1,89.7,3.2,1.9,360.5,24.8,148.7,219.3,295.1,62,0.541,11.5,2.4,10.4,10.3,1.1,47.5,89.0,14.2,2.5,0.20,30.9,1.24,0.21,-117.8040507,0.14,-188.4,8.53,651.0,68.7,37.8,122.3
20,118_M26T2.06B,blackconnecticut,0503,24.7,0.00487567,625.1,FALSE,1,C4,Riffle Pool,CEFD,5,345.9,625.1,24.7,10.8,9.7,0.9,0.576,0.689,1.196,0.90,0.65,401.7,275.4,37.8,25.9,267.4,18.5,220.6,1664.7,4369.7,184.9,0.488,4.7,0.2,8.6,14.1,1.1,10.6,274.8,4.8,0.0,0.01,24.8,1.34,0.11,-195.7600304,0.01,-1639.8,2.35,2338.5,27.7,2.9,11.6
21,118_M26T2.07-,blackconnecticut,0503,18.0,0.005075111,1501.4,FALSE,1,C4,Riffle Pool,FSTCD,4,350.5,1501.4,18.0,9.4,8.9,0.9,0.524,0.494,0.942,1.65,0.48,29.6,20.5,3.1,2.2,198.9,26.6,15.4,24.1,354.7,13.9,0.508,17.5,1.7,24.1,18.2,1.7,9.5,19.8,16.0,1.3,0.05,21.2,0.80,1.38,5.827319229,0.88,-2.9,23.19,2241.5,39.0,17.8,83.9
22,118_M26T2.08A,blackconnecticut,0503,14.9,0.007178751,424.6,FALSE,1,C4,Riffle Pool,UST,3,358.1,424.6,14.9,8.6,6.7,0.8,0.494,0.479,0.968,1.01,0.45,221.6,151.3,4.0,2.7,228.8,40.6,256.7,555.6,344.5,113.2,0.718,10.2,1.1,3.4,14.0,2.0,56.0,150.4,18.8,7.1,0.13,26.6,0.65,0.10,-230.170629,0.05,-529.1,2.96,474.4,31.8,5.3,19.9
23,118_M26T2.08B,blackconnecticut,0503,14.5,0.011155734,683,FALSE,1,C4,Riffle Pool,CEFD,5,361.2,683.0,14.5,8.5,8.3,1.0,0.491,0.399,0.814,0.92,0.37,409.6,197.3,21.1,10.1,346.2,47.2,178.4,1167.1,942.1,167,1.116,9.0,0.4,2.0,20.9,1.1,19.4,196.6,20.5,0.0,0.01,40.6,0.86,0.23,-137.8227444,0.03,-1126.5,1.87,2090.1,37.1,-3.5,-8.7
24,118_M26T2.09-,blackconnecticut,0503,12.8,0.014030164,868.9,FALSE,1,C3,Riffle Pool,FSTCD,4,368.8,868.9,12.8,8.1,8.3,1.0,0.473,0.500,1.058,1.49,0.46,179.5,143.0,2.5,2.0,380.7,63.5,233.9,586.4,158.2,129.1,1.403,23.2,3.3,11.0,16.6,1.5,71.1,112.5,20.7,3.5,0.02,47.2,0.74,0.20,-186.6433441,0.08,-539.2,3.22,663.9,94.5,47.3,100.2
25,118_M26T2.10A,blackconnecticut,0503,6.3,0.02955665,309.4,FALSE,1,F4b,Riffle Pool,UST,3,381.0,309.4,6.3,5.9,6.1,1.0,0.382,0.354,0.926,1.35,0.34,404.0,195.2,8.7,4.2,374.0,82.0,209.1,1330.3,193.9,217.1,2.956,7.0,3.8,1.4,17.3,2.3,46.3,194.0,25.9,9.7,0.15,63.5,0.77,0.30,-145.634733,0.05,-1266.8,1.75,1369.6,133.9,70.5,111.0
26,118_M26T2.10B,blackconnecticut,0503,6.2,0.038546256,276.7,FALSE,1,B3,Step Pool,TR,1,390.1,276.7,6.2,5.9,6.4,1.1,0.380,0.427,1.123,1.58,0.41,408.7,266.2,6.3,4.1,479.9,34.2,310.0,2269.4,155.5,318.9,3.855,1.8,0.4,1.9,15.1,1.3,65.1,252.0,7.2,3.6,0.01,82.0,2.40,0.26,-228.0182118,0.04,-2187.4,1.55,1259.5,245.4,163.4,199.3
27,118_M26T2.10C,blackconnecticut,0503,5.9,0.016542597,368.5,FALSE,1,C4,Plane Bed,UST,3,400.8,368.5,5.9,5.7,5.8,1.0,0.375,0.399,1.065,1.27,0.38,274.4,158.4,5.5,3.2,196.5,44.5,207.2,782.7,223.5,149.7,1.654,5.2,0.3,5.2,14.7,1.7,49.5,157.8,13.6,2.7,0.09,34.2,0.77,0.17,-172.9702627,0.04,-748.5,2.39,690.9,77.8,43.5,127.2
28,118_M27-,blackconnecticut,0503,219.3,0.005001251,1218.8,FALSE,1,C3,Riffle Pool,UST,3,228.6,1218.8,219.3,28.1,25.9,0.9,1.108,1.082,0.976,1.76,1.06,233.6,151.9,3.1,2.0,2837.2,1375.3,323.7,477.2,331.1,102.7,0.500,6.7,4.8,3.5,23.9,1.8,75.9,134.2,2.5,2.5,0,100.8,0.07,0.31,-222.8736779,0.21,-376.4,7.00,1328.1,91.7,-9.1,-9.0
29,118_M30-,blackconnecticut,0502,214.4,0.003826688,2469.1,FALSE,1,C3,Riffle Pool,UST,3,269.7,2469.1,214.4,27.9,25.9,0.9,1.101,1.213,1.102,1.68,1.18,177.5,151.8,2.2,1.9,2119.8,61.9,350.6,435.8,379,95.2,0.383,8.4,1.4,6.5,21.4,1.4,80.3,118.8,3.2,0.8,0.11,76.0,1.23,0.22,-274.5355166,0.17,-359.7,7.75,946.7,74.0,-2.0,-2.6
30,118_M31-,blackconnecticut,0502,204.6,0.003207698,1140.2,FALSE,1,C4,Riffle Pool,UST,3,279.2,1140.2,204.6,27.3,23.9,0.9,1.086,1.079,0.994,1.49,1.04,165.1,121.4,2.6,1.9,1690.1,49.7,256.6,296.5,438.9,72.5,0.321,5.9,2.9,7.0,22.4,1.3,63.0,93.9,5.3,1.8,0.15,61.9,1.25,0.24,-194.6835602,0.21,-234.6,8.59,982.7,49.0,-12.9,-20.9
31,118_M32A,blackconnecticut,0502,204.2,0.002578744,1654.7,FALSE,1,B3c,Riffle Pool,FSTCD,4,282.8,1654.7,204.2,27.3,41.1,1.5,1.085,0.561,0.517,0.80,0.56,155.4,117.9,2.1,1.6,1355.5,57.9,278.3,258.2,432.4,66.2,0.258,2.0,0.3,1.9,73.2,2.1,72.6,82.7,5.4,3.0,0.22,49.7,0.86,0.18,-228.6297313,0.19,-208.5,4.73,684.1,11.2,-38.5,-77.4
32,118_M32B,blackconnecticut,0502,200.0,0.003046458,800.4,FALSE,1,C4,Riffle Pool,UST,3,287.1,800.4,200.0,27.0,24.4,0.9,1.078,0.725,0.673,1.17,0.68,132.8,82.2,2.7,1.7,1566.3,48.0,153.6,159.3,401.9,48.4,0.305,6.0,0.6,5.5,33.7,1.3,48.3,64.3,5.0,2.5,0.01,57.9,1.21,0.38,-95.67440978,0.36,-101.4,8.23,1198.9,23.6,-34.3,-59.2
33,118_M32C,blackconnecticut,0502,198.4,0.002534854,1202.4,FALSE,1,B3c,Riffle Pool,UST,3,289.5,1202.4,198.4,26.9,22.7,0.8,1.076,0.841,0.782,1.02,0.83,340.0,149.7,5.0,2.2,1291.9,79.3,344.8,385.7,588.4,83.7,0.253,10.3,1.1,1.9,27.0,1.7,68.7,147.4,7.5,0.8,0.08,48.0,0.60,0.14,-296.8253772,0.12,-337.8,5.52,698.6,20.9,-27.1,-56.4
34,118_M33A,blackconnecticut,0502,180.9,0.004441155,1235.3,FALSE,1,C3,Plane Bed,UST,3,292.6,1235.3,180.9,25.9,20.7,0.8,1.046,1.058,1.011,1.50,1.02,249.0,187.8,1.9,1.4,2050.7,37.1,544.0,594.7,252.7,122.8,0.444,9.3,1.4,11.8,19.6,1.3,133.9,109.0,3.2,0.8,0.72,79.3,2.14,0.15,-464.6977954,0.13,-515.4,5.44,592.3,66.7,-12.6,-15.9
35,118_M33B,blackconnecticut,0502,177.0,0.002107482,1157,FALSE,1,F3,Plane Bed,UST,3,298.1,1157.0,177.0,25.6,17.8,0.7,1.040,0.945,0.909,0.86,0.89,1361.6,228.2,11.7,2.0,950.8,36.8,707.6,673.9,602.2,121.1,0.211,6.8,2.2,1.1,18.9,2.0,116.8,164.3,4.3,0.0,0.71,37.1,1.01,0.05,-670.4386329,0.06,-636.8,3.91,317.9,15.9,-21.2,-57.1
36,118_M34-,blackconnecticut,0502,150.4,0.002313744,658.6,FALSE,1,F3,Riffle Pool,UST,3,300.5,658.6,150.4,23.8,25.7,1.1,0.990,0.957,0.967,1.03,0.94,280.8,174.5,3.7,2.3,876.6,36.6,427.1,476.4,669.1,95.1,0.231,3.1,1.8,1.1,26.8,2.3,75.1,143.6,9.1,3.0,0.14,36.8,1.01,0.09,-390.3610833,0.08,-439.7,5.38,489.3,21.9,-14.9,-40.4
37,118_M35-,blackconnecticut,0502,147.0,0.002335085,522.1,FALSE,1,B4c,Plane Bed,TR,1,302.0,522.1,147.0,23.6,28.0,1.2,0.983,0.768,0.781,1.46,0.75,40.8,26.5,4.8,3.1,863.5,44.7,21.7,29.7,900.2,14.5,0.234,1.7,0.2,1.7,36.4,1.0,8.4,26.3,1.9,1.9,0.34,36.6,0.82,1.68,14.85237793,1.23,6.9,28.26,4336.1,25.1,-11.5,-31.3
38,118_M36A,blackconnecticut,0502,146.4,0.002860412,1065.5,FALSE,1,C4,Riffle Pool,CEFD,5,303.3,1065.5,146.4,23.6,24.5,1.0,0.982,0.713,0.726,1.13,0.70,355.8,85.7,11.0,2.6,1052.8,63.6,132.7,178.5,653.4,49.5,0.286,7.2,1.7,5.0,34.9,1.0,32.4,85.5,9.4,4.7,0.14,44.7,0.70,0.34,-87.97155276,0.25,-133.8,8.15,1378.2,22.1,-22.5,-50.5
39,118_M40T5.01A,blackconnecticut,0501,14.1,0.025188917,121,FALSE,1,C3b,Plane Bed,UST,3,323.1,121.0,14.1,8.4,7.7,0.9,0.487,0.436,0.896,1.65,0.42,246.7,173.6,3.6,2.5,758.3,117.0,238.6,963.9,129.7,184.6,2.519,6.3,1.6,12.3,17.6,1.5,69.2,161.0,8.3,0.0,0.14,90.1,0.77,0.38,-148.4474004,0.09,-873.8,2.44,1303.0,173.1,83.0,92.1
40,118_M40T5.01B,blackconnecticut,0501,14.1,0.032722513,232.9,FALSE,1,F3b,Plane Bed,FSTCD,4,326.1,232.9,14.1,8.4,10.1,1.2,0.487,0.433,0.890,1.84,0.42,304.4,180.0,3.8,2.2,984.6,135.5,246.7,1063.4,95.2,206,3.272,3.9,1.5,1.1,23.8,3.7,80.9,165.9,0.0,0.0,0.34,117.0,0.86,0.47,-129.6818818,0.11,-946.4,2.35,1446.5,250.9,133.9,114.4
41,118_M40T5.01C,blackconnecticut,0501,14.1,0.037957212,441.6,FALSE,1,C3b,Plane Bed,FSTCD,4,333.7,441.6,14.1,8.4,11.7,1.4,0.486,0.311,0.639,1.29,0.30,327.9,207.2,3.1,2.0,1138.9,128.4,307.6,1329.6,76.1,247.2,3.796,2.6,1.0,1.9,37.7,1.4,104.7,194.0,4.5,9.1,0.05,135.5,1.06,0.44,-172.0962391,0.10,-1194.1,1.46,1294.8,144.4,8.9,6.6
42,118_M40T5.01D,blackconnecticut,0501,13.9,0.03617945,421.2,FALSE,1,F3b,Plane Bed,FSTCD,4,350.5,421.2,13.9,8.4,7.3,0.9,0.485,0.360,0.742,1.13,0.35,661.1,308.4,6.6,3.1,1074.9,113.1,456.3,2623.3,121.9,363,3.618,2.7,1.9,1.3,20.2,2.5,100.7,296.2,0.0,7.1,0.02,128.4,1.14,0.28,-327.8846039,0.05,-2494.9,1.14,1275.6,140.9,12.5,9.7
43,118_M40T5.02A,blackconnecticut,0501,13.7,0.032258065,377.9,FALSE,1,B4,Plane Bed,UST,3,365.7,377.9,13.7,8.3,8.5,1.0,0.482,0.500,1.037,2.24,0.48,335.8,156.3,5.4,2.5,938.6,98.3,189.4,879.3,107.9,178.2,3.226,1.4,0.3,1.6,17.5,2.7,62.6,155.4,5.3,2.6,0.13,113.1,1.15,0.60,-76.25646652,0.13,-766.2,3.10,1806.7,342.8,229.7,203.1
44,118_M40T5.02B,blackconnecticut,0501,13.2,0.028702641,265.5,FALSE,1,F3b,Plane Bed,UST,3,377.9,265.5,13.2,8.2,7.3,0.9,0.477,0.466,0.978,1.36,0.44,512.0,309.3,5.7,3.4,802.2,155.3,465.9,2529.8,161.5,341.1,2.870,5.0,1.4,1.4,15.8,1.7,90.0,292.4,3.8,3.8,0.39,98.3,0.63,0.21,-367.6385903,0.04,-2431.5,1.44,1092.0,170.6,72.4,73.6
45,118_M40T5.03A,blackconnecticut,0501,10.9,0.051185345,565.7,FALSE,1,F3a,Plane Bed,UST,3,385.6,565.7,10.9,7.5,8.3,1.1,0.450,0.390,0.867,1.73,0.38,469.5,247.1,6.9,3.6,1165.2,148.8,265.3,2142.7,113.1,320.5,5.119,3.7,2.0,1.4,21.5,3.7,67.7,240.2,0.0,5.3,0.01,155.3,1.04,0.59,-109.9709232,0.07,-1987.4,1.54,2292.8,331.4,176.1,113.4
46,118_M40T5.03B,blackconnecticut,0501,10.6,0.049849141,2323.4,FALSE,1,B3a,Step Pool,TR,1,414.5,2323.4,10.6,7.4,5.9,0.8,0.446,0.387,0.867,1.38,0.36,348.3,320.0,4.1,3.7,1103.6,5.0,390.0,3151.5,118.1,412,4.985,1.8,0.1,1.6,15.3,1.2,85.6,310.1,1.3,2.6,0.13,148.8,29.62,0.38,-241.2228638,0.05,-3002.7,1.12,1738.4,243.5,94.7,63.6
47,118_M40T5.04B,blackconnecticut,0501,3.7,0.020189534,739.7,FALSE,1,C4b,Riffle Pool,CEFD,5,530.9,739.7,3.7,4.7,4.5,1.0,0.326,0.369,1.130,2.50,0.35,35.7,24.5,2.6,1.8,146.1,33.6,16.0,44.8,107.7,24.5,2.019,5.4,2.3,3.7,12.1,1.2,13.8,24.3,62.2,4.1,0,31.2,0.93,1.95,15.19556768,0.70,-13.6,14.19,2265.2,172.3,141.1,452.3
48,118_M40T5.04C,blackconnecticut,0501,1.5,0.038746191,700.1,FALSE,1,C4b,Step Pool,UST,3,545.9,700.1,1.5,3.1,3.8,1.2,0.248,0.280,1.132,1.55,0.27,259.0,122.0,7.6,3.6,104.9,29.6,102.9,685.9,134.9,146.4,3.875,2.4,0.1,2.4,13.6,1.6,34.3,121.1,28.6,10.0,0.02,33.6,1.14,0.33,-69.33019011,0.05,-652.4,2.17,979.9,156.5,122.9,366.2
49,118_M40T5.04D,blackconnecticut,0501,0.9,0.045828437,259.4,FALSE,1,C4a,Riffle Pool,CEFD,5,573.0,259.4,0.9,2.5,3.3,1.3,0.215,0.286,1.331,2.04,0.26,88.5,80.8,8.5,7.8,75.2,54.7,35.4,449.9,261.2,101.6,4.583,22.8,10.3,18.2,11.7,1.2,10.4,78.3,54.0,3.9,0,29.6,0.54,0.84,-5.797828374,0.07,-420.3,3.21,2847.3,237.1,207.6,702.2
50,118_M41T6.01A,blackconnecticut,0501,14.9,0.013960323,414.8,FALSE,1,F4,Riffle Pool,FSTCD,4,323.4,414.8,14.9,8.6,9.9,1.2,0.494,0.204,0.413,0.61,0.20,213.6,146.2,3.3,2.3,444.7,84.1,227.0,620.4,180.4,131.8,1.396,14.4,1.0,1.1,48.7,2.8,64.0,132.5,24.1,2.4,0.02,51.6,0.61,0.23,-175.4188106,0.08,-568.8,1.38,806.7,16.7,-34.9,-67.6
51,118_M41T6.01B,blackconnecticut,0501,14.5,0.023112481,197.8,FALSE,1,C3b,Plane Bed,UST,3,329.2,197.8,14.5,8.5,6.1,0.7,0.491,0.314,0.640,1.11,0.30,329.8,177.9,4.3,2.3,716.7,128.4,262.6,963,128.8,184.7,2.311,14.5,11.6,7.5,19.4,1.6,75.9,161.3,10.1,0.0,0.43,84.1,0.66,0.32,-178.4793704,0.09,-878.8,1.71,1108.6,77.0,-7.2,-8.5
52,118_M41T6.02A,blackconnecticut,0501,14.4,0.035347044,474.2,FALSE,1,A1b,Bedrock,TR,1,333.7,474.2,14.4,8.5,8.5,1.0,0.490,0.490,1,,,3691.5,2936.7,15.7,12.5,1091.5,76.4,6681.3,98968.6,506.9,3433.8,3.535,1.3,0.4,1.7,12.0,1.0,234.4,2740.9,10.5,0.0,0,128.4,1.68,0.02,-6552.910227,0.00,-98840.2,,547.5,0.0,-128.4,-100.0
53,118_M41T6.02B,blackconnecticut,0501,13.8,0.021640763,1549.2,FALSE,1,F4b,Plane Bed,UST,3,350.5,1549.2,13.8,8.3,7.4,0.9,0.483,0.286,0.593,1.11,0.28,401.7,143.5,7.0,2.5,636.6,46.2,188.3,693.7,143.3,146.3,2.164,3.5,0.4,1.1,26.0,3.9,57.7,127.0,7.7,4.5,0.003,76.4,1.65,0.41,-111.8970685,0.11,-617.4,1.95,1323.5,66.0,-10.4,-13.6
54,118_M41T6.02S1.01A,blackconnecticut,0501,7.6,0.043134436,1695.8,FALSE,1,F4a,Plane Bed,CST,2,384.0,1695.8,7.6,6.4,7.1,1.1,0.404,0.475,1.177,2.50,0.45,303.1,149.5,6.2,3.1,668.5,104.0,144.7,928.5,107.8,184.8,4.313,1.7,0.6,1.0,15.0,2.2,48.6,135.3,11.8,4.1,0,104.4,1.00,0.72,-40.29051795,0.11,-824.2,3.04,2147.5,479.8,375.4,359.7
55,118_M41T6.02S1.01B,blackconnecticut,0501,5.4,0.05334914,1028.3,FALSE,1,B3a,Step Pool,CST,2,457.2,1028.3,5.4,5.5,5.6,1.0,0.364,0.360,0.987,1.73,0.35,327.9,220.1,3.3,2.2,572.9,53.7,283.1,1624.3,66,288.8,5.335,3.0,1.5,2.1,15.7,1.8,100.3,204.1,11.7,8.8,0,104.0,1.94,0.37,-179.0352009,0.06,-1520.2,1.58,1037.1,313.8,209.7,201.6
56,118_M41T6.02S1.02A,blackconnecticut,0501,3.0,0.03960396,153.9,FALSE,1,F3b,Cascade,CST,2,512.0,153.9,3.0,4.3,4.6,1.1,0.307,0.174,0.566,0.64,0.17,322.1,198.7,4.9,3.0,229.8,29.5,231.2,1383.3,111.8,239.8,3.960,2.0,0.2,1.1,26.7,2.0,66.2,194.6,13.0,0.0,0,53.7,1.82,0.23,-177.4467025,0.04,-1329.5,0.84,811.6,41.5,-12.2,-22.7
57,118_M41T6.02S1.02B,blackconnecticut,0501,3.0,0.022058824,414.5,FALSE,1,C4b,Riffle Pool,FSTCD,4,518.1,414.5,3.0,4.2,4.7,1.1,0.305,0.183,0.600,0.72,0.18,241.4,129.8,5.6,3.0,125.2,43.8,146.3,622.5,171,133,2.206,11.0,2.6,2.6,25.8,1.6,43.1,108.1,33.8,12.1,0.02,29.5,0.67,0.20,-116.7809486,0.05,-592.9,1.36,685.2,27.5,-2.0,-6.8
58,118_M41T6.03-,blackconnecticut,0501,5.0,0.024783146,246,FALSE,1,F4b,Plane Bed,UST,3,384.0,246.0,5.0,5.3,5.1,1.0,0.357,0.326,0.914,1.34,0.31,263.5,142.6,4.4,2.4,246.9,62.6,184.1,704.9,123.1,151,2.478,9.5,3.0,1.6,15.7,2.4,60.5,112.9,16.3,0.0,0,46.2,0.74,0.25,-137.917417,0.07,-658.7,2.18,764.0,101.4,55.2,119.3
59,118_M41T6.04-,blackconnecticut,0501,4.9,0.034113061,625.4,FALSE,1,B3,Step Pool,TR,1,390.1,625.4,4.9,5.3,3.8,0.7,0.354,0.265,0.749,1.05,0.25,340.3,191.2,4.2,2.3,330.5,54.1,260.1,1189.6,97,221.4,3.411,3.2,2.9,1.9,14.4,1.0,81.9,167.0,1.6,1.6,0.01,62.6,1.16,0.24,-197.485409,0.05,-1127,1.31,764.6,88.1,25.5,40.7
60,118_M41T6.05A,blackconnecticut,0501,2.5,0.044751831,749.2,FALSE,1,B4a,Step Pool,CST,2,411.5,749.2,2.5,3.9,9.7,2.5,0.290,0.177,0.609,1.48,0.17,103.6,62.3,3.8,2.3,213.1,78.0,44.6,236.1,78,77.8,4.475,1.1,0.8,1.5,55.0,1.5,27.3,54.3,2.7,6.7,0,54.1,0.69,1.21,9.502992448,0.23,-182.1,2.74,1983.5,111.0,57.0,105.4
61,118_M41T6.05B,blackconnecticut,0501,1.8,0.079681275,459,FALSE,1,A1,Bedrock,TR,1,445.0,459.0,1.8,3.4,3.4,1.0,0.263,0.263,1,,,171.2,130.6,3.4,2.6,265.8,73.9,100.8,853.3,58.4,191.8,7.968,1.3,0.3,1.7,12.0,1.0,50.4,121.9,0.0,6.5,0,78.0,1.06,0.77,-22.77196923,0.09,-775.2,,1548.6,0.0,-78.0,-100.0
62,19_M01T02.01-,mettawee,0203,84.5,0.004442865,1715,FALSE,1,C4,Riffle Pool,CEFD,5,125.0,1715.0,84.5,18.5,13.1,0.7,0.833,0.780,0.937,1.95,0.75,80.1,31.7,3.2,1.3,908.2,28.4,39.5,40.6,230.4,20.7,0.444,11.6,1.9,8.5,16.8,1.0,24.8,25.0,22.2,1.7,0.25,49.1,1.73,1.24,9.604645439,1.21,8.5,23.66,1981.9,63.6,14.5,29.5
63,19_M01T02.02A,mettawee,0203,41.8,0.004,590.1,FALSE,1,C4,Riffle Pool,CEFD,5,132.6,590.1,41.8,13.6,17.8,1.3,0.674,0.396,0.588,1.35,0.39,78.6,15.6,6.6,1.3,385.7,56.3,13.8,13.6,253.7,9.9,0.400,6.0,0.3,2.9,44.9,1.2,11.9,13.0,33.9,6.8,0.11,28.4,0.50,2.06,14.64415131,2.09,14.8,25.24,2379.9,20.8,-7.6,-26.8
64,19_M01T02.02B,mettawee,0203,41.2,0.008,559.3,FALSE,1,C4,Plane Bed,UST,3,135.0,559.3,41.2,13.5,8.8,0.7,0.671,0.792,1.180,2.03,0.72,274.4,78.4,20.7,5.9,759.1,80.3,63.3,243.2,697.1,60.5,0.800,17.3,1.0,6.8,11.1,1.8,13.3,75.6,5.4,3.6,0.54,56.3,0.70,0.89,-7.000586347,0.23,-186.9,9.13,4240.7,114.1,57.8,102.7
65,19_M01T02.02C,mettawee,0203,38.1,0.012,738.8,FALSE,1,F4,Riffle Pool,FSTCD,4,139.6,738.8,38.1,13.0,11.1,0.9,0.656,0.683,1.041,2.23,0.65,263.5,82.1,17.5,5.5,1046.9,92.7,64.2,291.4,481,70.9,1.200,17.9,1.1,1.3,16.3,2.4,15.0,78.9,20.3,5.4,0.06,80.3,0.87,1.25,16.15033307,0.28,-211,7.87,5343.3,169.4,89.1,110.9
66,19_M01T02.02D,mettawee,0203,37.5,0.014,304.8,FALSE,1,F3,Plane Bed,UST,3,148.7,304.8,37.5,12.9,7.8,0.6,0.652,0.701,1.075,1.75,0.70,249.3,226.3,4.2,3.8,1198.9,79.3,339.2,1313.3,299.1,204.2,1.400,15.7,1.4,1.2,11.1,2.9,59.6,218.6,13.1,0.0,0.04,92.7,1.17,0.27,-246.466044,0.07,-1220.6,3.10,1553.9,168.2,75.5,81.5
67,19_M01T02.02E,mettawee,0203,37.4,0.012,931.4,FALSE,1,C3,Riffle Pool,UST,3,153.0,931.4,37.4,12.9,10.7,0.8,0.652,0.610,0.935,1.40,0.61,254.0,233.0,4.0,3.7,1025.5,148.2,374.1,1304.3,323.7,201.4,1.200,11.4,4.2,2.4,17.5,1.8,63.4,186.8,16.1,6.4,0.01,79.3,0.54,0.21,-294.7907947,0.06,-1224.9,2.62,1251.4,100.2,20.8,26.2
68,19_M01T02.03-,mettawee,0203,37.0,0.022547915,2162.8,FALSE,1,B3,Step Pool,TR,1,164.6,2162.8,37.0,12.9,11.6,0.9,0.650,0.543,0.834,1.50,0.52,336.4,286.3,4.7,4.0,1907.8,100.7,412.1,2169.4,225.2,295.2,2.255,2.7,0.8,1.6,21.5,1.0,71.1,282.7,11.1,2.8,0.04,148.2,1.47,0.36,-263.8558047,0.07,-2021.2,1.82,2084.0,172.7,24.5,16.5
69,19_M01T02.04-,mettawee,0203,30.1,0.017459625,2094.8,FALSE,1,C3,Step Pool,UST,3,213.3,2094.8,30.1,11.7,8.4,0.7,0.611,0.747,1.223,1.71,0.69,419.5,313.0,5.5,4.1,1182.2,53.8,501.7,2308.9,274.9,300.4,1.746,3.6,1.0,3.3,11.2,1.3,76.5,299.1,16.2,2.9,0.24,100.7,1.87,0.20,-400.9959213,0.04,-2208.2,2.20,1315.1,202.0,101.3,100.6
70,19_M01T02.05-,mettawee,0203,17.2,0.013255568,3448.9,FALSE,1,C4,Riffle Pool,CEFD,5,249.9,3448.9,17.2,9.2,8.4,0.9,0.517,0.564,1.092,2.08,0.53,84.4,71.1,1.8,1.5,493.8,52.3,95.3,191.6,125.5,63.2,1.326,3.6,0.3,3.6,14.8,1.0,46.5,59.3,32.5,5.2,0.06,53.8,1.03,0.56,-41.57695265,0.28,-137.8,7.42,1157.0,142.9,89.1,165.8
71,19_M04-,mettawee,0203,184.4,0.004977217,4347.8,FALSE,1,C4,Plane Bed,CEFD,5,153.0,4347.8,184.4,26.1,20.7,0.8,1.052,0.756,0.718,1.07,0.74,430.5,242.5,6.8,3.8,2345.5,79.4,471.4,1068.9,638.2,163.8,0.498,2.9,0.3,3.7,27.2,1.0,63.1,240.6,1.8,0.5,0.11,89.9,1.13,0.19,-381.4945957,0.08,-979,3.04,1426.0,38.6,-51.3,-57.1
72,19_M05-,mettawee,0203,177.1,0.004504936,3179.8,FALSE,1,C4,Plane Bed,CEFD,5,174.6,3179.8,177.1,25.6,27.7,1.1,1.040,0.479,0.460,0.66,0.47,399.7,235.5,6.6,3.9,2033.2,66.6,456.4,994.6,697.3,154.7,0.450,8.8,0.7,3.3,56.9,1.0,60.2,228.6,2.5,0.6,0.11,79.4,1.19,0.17,-377.0105168,0.08,-915.2,1.99,1317.6,13.7,-65.7,-82.7
73,19_M05T03.01A,mettawee,0202,48.9,0.017,356.6,FALSE,1,C4,Riffle Pool,CEFD,5,189.0,356.6,48.9,14.5,12.4,0.9,0.707,0.707,1.001,1.89,0.68,696.7,232.0,13.2,4.4,1936.1,538.7,310.7,1480.9,301.7,221,1.700,4.9,5.2,5.6,17.7,1.2,52.7,225.7,25.2,2.8,0.33,133.1,0.25,0.43,-177.578189,0.09,-1347.7,2.94,2526.1,214.8,81.7,61.3
74,19_M05T03.01B,mettawee,0202,48.7,0.069,167.6,FALSE,1,A1,Bedrock,TR,1,195.1,167.6,48.7,14.5,14.5,1.0,0.706,0.706,1,,,3691.5,2936.7,15.7,12.5,7818.0,62.4,5205.3,120935.8,313.2,4141.1,6.900,1.2,0.7,1.4,12.0,1.0,234.4,2740.9,0.0,0.0,0.20,538.7,8.63,0.10,-4666.613287,0.00,-120397.1,,2297.8,,-538.7,-100.0
75,19_M05T03.01C,mettawee,0202,48.6,0.008,1065.8,FALSE,1,F3c,Plane Bed,FSTCD,4,206.6,1065.8,48.6,14.5,18.5,1.3,0.705,0.293,0.415,0.50,0.29,696.7,241.1,10.9,3.8,904.9,63.5,427.2,1220.6,444.2,185.9,0.800,1.6,0.2,1.3,63.3,2.0,64.0,233.9,7.5,1.9,0.18,62.4,0.98,0.15,-364.7766427,0.05,-1158.2,1.19,974.9,11.2,-51.2,-82.1
76,19_M05T03.02-,mettawee,0202,45.0,0.008541601,963.4,FALSE,1,C4,Riffle Pool,CEFD,5,216.4,963.4,45.0,14.0,12.5,0.9,0.689,0.603,0.876,1.23,0.58,236.3,198.1,4.2,3.5,890.1,84.3,324.3,917.6,396.6,155.7,0.854,8.8,1.9,8.1,20.5,1.1,56.2,150.1,8.3,2.1,0.02,63.5,0.75,0.20,-260.8174473,0.07,-854.1,2.94,1129.3,60.2,-3.3,-5.2
77,19_M05T03.02S01.01A,mettawee,0202,13.5,0.013,663.5,FALSE,1,C4,Riffle Pool,CEFD,5,224.6,663.5,13.5,8.3,7.7,0.9,0.480,0.466,0.971,1.58,0.44,150.0,99.6,3.0,2.0,373.2,36.2,140.2,332.3,163.4,88,1.300,4.8,1.4,10.0,16.4,1.0,50.7,97.9,42.2,12.1,0.03,45.2,1.25,0.32,-94.95910074,0.14,-287.1,4.47,892.2,89.9,44.7,98.9
78,19_M05T03.02S01.01B,mettawee,0202,12.4,0.011,459,FALSE,1,C4,Plane Bed,CEFD,5,233.2,459.0,12.4,7.9,7.9,1.0,0.468,0.509,1.088,2.65,0.45,14.8,12.6,3.7,3.1,287.9,35.5,5.2,15.5,295.1,10.6,1.100,3.5,0.2,6.5,15.6,1.3,4.0,11.0,4.4,0.0,0.08,36.2,1.02,6.99,31.05659311,2.33,20.7,36.07,9060.0,130.1,93.8,258.9
79,19_M05T03.02S01.01C,mettawee,0202,12.0,0.011,600.1,FALSE,1,C4,Plane Bed,CEFD,5,238.3,600.1,12.0,7.8,8.4,1.1,0.464,0.262,0.565,0.92,0.18,63.2,56.4,4.4,3.9,278.6,8.8,43.9,153,369.9,47.5,1.100,20.0,1.4,20.0,41.7,1.0,14.3,56.3,8.3,1.7,0.02,35.5,4.04,0.81,-8.312696989,0.23,-117.4,3.19,2487.8,17.9,-17.6,-49.5
80,19_M05T03.02S01.02B,mettawee,0202,10.0,0.007,830.2,FALSE,1,C4,Dune Ripple,CEFD,5,251.4,830.2,10.0,7.2,5.8,0.8,0.438,0.262,0.598,1.20,0.24,21.5,19.3,6.9,6.2,145.2,35.0,7.8,28.7,801.7,14.3,0.700,13.2,2.3,13.2,22.1,1.0,3.1,18.7,8.4,1.2,0,20.1,0.57,2.58,12.32831716,0.70,-8.6,12.63,6433.3,20.1,0.0,0.1
81,19_M05T03.02S01.02C,mettawee,0202,6.5,0.016,386.5,FALSE,1,C4,Riffle Pool,CEFD,5,257.5,386.5,6.5,6.0,9.1,1.5,0.385,0.177,0.459,0.82,0.17,86.3,75.1,5.3,4.6,209.0,164.1,56.8,269.9,330,70.3,1.600,5.7,6.9,5.7,50.0,1.0,16.3,73.1,44.0,15.5,0.03,35.0,0.21,0.62,-21.77822407,0.13,-234.9,2.31,2149.9,22.3,-12.7,-36.3
82,19_M05T03.02S01.02D,mettawee,0202,6.3,0.076,188.4,FALSE,1,A1,Bedrock,TR,1,263.6,188.4,6.3,5.9,5.9,1.0,0.383,0.383,1,,,3691.5,2936.7,15.7,12.5,971.1,17.1,4992.1,124420,292.1,4254.7,7.600,1.2,0.1,1.4,12.0,1.0,234.4,2740.9,5.3,0.0,0,164.1,9.58,0.03,-4827.915881,0.00,-124255.8,,700.2,,-164.1,-100.0
83,19_M05T03.03-,mettawee,0202,31.0,0.014340503,1827.8,FALSE,1,C4,Riffle Pool,FSTCD,4,224.6,1827.8,31.0,11.9,13.5,1.1,0.616,0.433,0.702,1.06,0.42,383.5,234.4,6.2,3.8,1003.3,110.6,354.3,1395.9,295.8,212.9,1.434,4.5,1.2,2.8,31.6,1.3,61.4,227.1,4.9,1.1,0.03,84.3,0.76,0.24,-269.9910878,0.06,-1311.6,1.81,1372.7,63.3,-21.0,-24.9
84,19_M06A,mettawee,0201,113.6,0.005,1142.9,FALSE,1,B4c,Plane Bed,UST,3,189.0,1142.9,113.6,21.1,14.6,0.7,0.910,0.622,0.683,0.95,0.61,362.0,208.8,6.7,3.9,1402.9,51.8,374.7,856.2,641.5,141.2,0.500,12.5,1.7,1.4,24.0,1.8,53.8,202.0,6.1,0.0,0.35,66.6,1.29,0.18,-308.1022691,0.08,-789.7,2.91,1236.4,28.4,-38.2,-57.4
85,19_M06B,mettawee,0201,108.7,0.004,921.7,FALSE,1,C4,Riffle Pool,FSTCD,4,194.5,921.7,108.7,20.7,21.0,1.0,0.898,0.643,0.716,0.92,0.63,232.1,187.2,4.4,3.6,1070.5,50.9,346.0,670.1,694.9,118.9,0.400,7.3,0.4,4.4,32.8,1.4,52.3,180.9,8.7,2.2,0.30,51.8,1.02,0.15,-294.2084993,0.08,-618.3,3.35,989.8,22.8,-29.0,-56.1
86,19_M07A,mettawee,0201,105.8,0.004,2481,FALSE,1,C3,Riffle Pool,CEFD,5,197.8,2481.0,105.8,20.4,15.0,0.7,0.891,0.829,0.931,1.04,0.79,383.5,237.5,2.1,1.3,1040.8,68.1,823.5,808.5,250.6,150.9,0.400,18.3,0.5,10.1,18.3,1.0,184.1,230.4,4.0,0.8,0.37,50.9,0.75,0.06,-772.509952,0.06,-757.6,3.32,276.8,32.3,-18.6,-36.6
87,19_M07B,mettawee,0201,88.2,0.006,2418.5,FALSE,1,C3,Plane Bed,FSTCD,4,208.2,2418.5,88.2,18.9,11.2,0.6,0.843,1.128,1.337,1.67,1.04,252.3,232.7,1.4,1.3,1284.1,47.7,738.3,879.6,186.2,165.6,0.600,38.3,3.7,38.3,9.9,1.4,181.3,186.8,3.7,0.8,0.53,68.1,1.43,0.09,-670.2323838,0.08,-811.5,4.47,375.7,102.0,33.8,49.7
88,19_M07T04.01-,mettawee,0201,11.7,0.02546473,1196.9,FALSE,1,F3b,Plane Bed,UST,3,225.5,1196.9,11.7,7.7,6.3,0.8,0.460,0.320,0.696,0.92,0.29,452.4,252.3,2.3,1.3,625.9,116.4,582.5,1459.2,65.8,269.1,2.546,9.7,0.8,1.5,19.6,3.5,196.6,244.3,11.7,0.8,0.06,80.8,0.69,0.14,-501.6282679,0.06,-1378.3,1.16,411.3,67.6,-13.3,-16.4
89,19_M08-,mettawee,0201,71.7,0.004788674,2927.8,FALSE,1,C4,Riffle Pool,CEFD,5,223.7,2927.8,71.7,17.2,14.8,0.9,0.793,0.506,0.638,0.77,0.49,242.0,207.2,4.7,4.0,821.8,78.1,367.0,840.2,686.4,138.5,0.479,10.3,0.5,6.2,29.2,1.0,51.5,205.6,15.7,1.4,0.22,47.7,0.61,0.13,-319.2384244,0.06,-792.5,2.37,926.4,17.6,-30.1,-63.0
90,19_M08T05.01A,mettawee,0201,6.7,0.03,303.6,FALSE,1,C4b,Plane Bed,FSTCD,4,237.7,303.6,6.7,6.1,5.3,0.9,0.389,0.405,1.042,1.00,0.37,465.0,376.2,7.6,6.1,406.8,198.1,461.2,3831.5,279.7,420.2,3.000,22.9,12.9,40.0,13.5,1.6,61.2,369.5,13.2,0.0,0.55,67.1,0.34,0.15,-394.0822599,0.02,-3764.4,1.00,1095.6,110.5,43.4,64.7
91,19_M08T05.01B,mettawee,0201,6.6,0.089,1648.9,FALSE,1,A1,Bedrock,TR,1,246.9,1648.9,6.6,6.0,6.0,1.0,0.388,0.388,1,,,3691.5,2936.7,15.7,12.5,1197.2,61.7,4643.6,130288.7,260.7,4447,8.900,1.8,0.2,1.6,12.0,1.0,234.4,2740.9,0.0,0.0,0,198.1,3.21,0.04,-4445.490078,0.00,-130090.6,,845.2,,-198.1,-100.0
92,19_M09-,mettawee,0201,56.8,0.009078529,2014.3,FALSE,1,C4,Riffle Pool,CEFD,5,237.7,2014.3,56.8,15.5,14.0,0.9,0.739,0.689,0.932,1.39,0.66,248.9,213.2,4.5,3.9,1214.0,70.1,341.3,1058.4,415.1,170.3,0.908,19.6,0.8,24.0,20.3,1.0,55.3,205.6,27.8,4.0,0.20,78.1,1.11,0.23,-263.1213899,0.07,-980.2,3.09,1413.1,81.4,3.3,4.2
93,19_M10A,mettawee,0201,35.3,0.011,345.6,FALSE,1,C4,Riffle Pool,CEFD,5,256.0,345.6,35.3,12.6,14.0,1.1,0.641,0.689,1.075,1.53,0.66,248.9,213.2,4.5,3.9,883.7,50.9,326.3,1120.9,361.5,179.7,1.100,25.1,0.6,24.0,20.3,1.0,55.3,205.6,26.0,2.9,0.14,70.1,1.38,0.21,-256.1881927,0.06,-1050.8,3.09,1268.4,108.6,38.5,54.8
94,19_M10B,mettawee,0201,35.2,0.008,182,FALSE,1,F4,Plane Bed,UST,3,260.0,182.0,35.2,12.6,9.5,0.8,0.640,0.607,0.947,1.14,0.57,362.0,214.7,7.0,4.1,641.3,50.8,342.9,1041.1,486.9,165.6,0.800,41.7,1.3,1.1,15.7,2.2,52.0,208.3,16.5,0.0,0.32,50.9,1.00,0.15,-291.9267721,0.05,-990.2,2.66,979.7,51.1,0.2,0.3
95,19_M10C,mettawee,0201,35.1,0.008,481.3,FALSE,1,C4,Riffle Pool,FSTCD,4,261.5,481.3,35.1,12.6,12.8,1.0,0.640,0.430,0.672,0.84,0.42,239.8,207.8,4.5,3.9,638.3,126.3,337.2,981.1,456.6,160.3,0.800,30.9,5.1,11.9,30.1,1.6,53.7,201.2,39.5,6.2,0.06,50.8,0.40,0.15,-286.3516004,0.05,-930.3,2.04,946.6,28.1,-22.7,-44.7
96,19_M10D,mettawee,0201,34.8,0.02,301.7,FALSE,1,F3,Plane Bed,UST,3,265.2,301.7,34.8,12.5,10.1,0.8,0.638,0.381,0.597,1.11,0.37,247.1,228.7,1.9,1.8,1581.2,106.7,456.8,1275.4,109,228,2.000,6.1,0.8,1.2,18.3,2.8,128.0,133.8,9.9,0.0,0.15,126.3,1.18,0.28,-330.4876688,0.10,-1149.1,1.64,986.9,81.7,-44.7,-35.3
97,21_M04-,champlain,0402,148.7,0.00031027,2947,FALSE,1,C6,Dune Ripple,CEFD,5,47.9,2947.0,148.7,23.7,19.3,0.8,0.986,1.122,1.137,1.07,1.05,6.0,1.7,96.8,27.2,116.1,7.2,0.2,0.3,33334.2,0.5,0.031,63.3,2.1,46.8,17.2,1.0,0.1,1.6,0.0,1.0,0,4.9,0.68,30.57,4.735146453,15.68,4.6,621.02,78956.5,3.4,-1.5,-30.3
98,21_M05-,champlain,0401,116.6,0.000531971,2864.7,FALSE,1,E5,Dune Ripple,CEFD,5,48.8,2864.7,116.6,21.3,11.8,0.6,0.917,1.701,1.855,1.75,1.48,2.0,1.7,1.8,1.6,153.5,31.7,0.6,0.3,1302.1,0.6,0.053,29.7,3.3,61.5,6.9,1.0,1.1,1.7,2.1,1.0,0.01,7.2,0.23,11.24,6.560099121,25.89,6.9,859.38,6551.3,13.5,6.3,87.8
99,21_M06-,champlain,0401,111.9,0.00239952,508.1,FALSE,1,C3,Riffle Pool,CEFD,5,50.3,508.1,111.9,20.9,15.8,0.8,0.906,0.911,1.006,1.09,0.88,168.9,133.6,2.4,1.9,663.0,87.4,315.3,312.4,529.9,73.5,0.240,8.9,1.7,12.0,17.3,1.0,70.8,133.5,0.0,3.9,0,31.7,0.36,0.10,-283.6005947,0.10,-280.7,6.57,447.5,22.5,-9.1,-28.8
100,21_M07A,champlain,0401,102.6,0.007,717.5,FALSE,1,C3,Riffle Pool,CEFD,5,51.5,717.5,102.6,20.1,20.7,1.0,0.883,0.634,0.718,1.27,0.62,304.4,166.6,3.4,1.9,1761.3,236.9,360.4,596.1,240.3,123.8,0.700,5.2,2.8,4.7,32.4,1.1,90.0,147.8,2.8,0.0,0.01,87.4,0.37,0.24,-272.9923528,0.15,-508.7,3.73,971.3,54.2,-33.2,-38.0
101,21_M07B,champlain,0401,102.4,0.019,639.7,FALSE,1,B3c,Riffle Pool,TR,1,56.7,639.7,102.4,20.1,19.3,1.0,0.882,0.524,0.594,1.46,0.52,477.7,247.1,3.6,1.9,4769.9,6.2,507.0,1428.7,119.1,242.9,1.900,1.9,0.1,1.2,37.2,1.0,131.3,236.1,4.7,1.6,0,236.9,38.05,0.47,-270.0686802,0.17,-1191.8,2.11,1805.0,142.1,-94.9,-40.0
102,21_M08B,champlain,0401,93.4,0.002,570.6,FALSE,1,C6,Riffle Pool,CEFD,5,69.5,570.6,93.4,19.3,16.5,0.9,0.858,0.430,0.501,0.51,0.42,178.4,136.2,2877.0,2196.2,455.1,152.3,9.8,639.3,702771.5,71.2,0.200,13.7,3.5,5.3,38.6,1.0,0.1,136.1,12.3,5.3,0,23.5,0.15,2.40,13.72194652,0.04,-615.7,3.07,379654.2,4.2,-19.3,-82.1
103,21_M09A,champlain,0401,92.7,0.013,265.5,FALSE,1,B3c,Riffle Pool,UST,3,70.7,265.5,92.7,19.3,17.7,0.9,0.856,0.725,0.847,1.85,0.70,337.8,188.1,3.1,1.7,2935.4,105.4,386.8,841.6,144.5,166.2,1.300,3.9,1.9,1.9,24.2,1.9,108.2,148.8,3.8,0.0,0.11,152.3,1.45,0.39,-234.533016,0.18,-689.3,3.74,1407.3,166.1,13.8,9.0
104,21_M09B,champlain,0401,92.6,0.009,206.6,FALSE,1,B3c,Riffle Pool,TR,1,74.1,206.6,92.6,19.3,17.5,0.9,0.856,0.472,0.552,0.83,0.46,420.0,281.4,3.4,2.3,2029.0,35.0,673.4,1462.3,247.7,224.3,0.900,2.1,0.5,1.2,37.0,1.0,123.1,227.7,19.4,0.0,0,105.4,3.01,0.16,-568.0696513,0.07,-1356.9,1.64,855.9,33.7,-71.7,-68.0
105,21_M11B,champlain,0401,64.3,0.002,1832.7,FALSE,1,E5,Dune Ripple,CEFD,5,79.2,1832.7,64.3,16.4,10.0,0.6,0.767,0.866,1.128,2.51,0.78,2.0,0.8,11.2,4.3,305.4,12.0,0.1,0.1,1370.1,0.4,0.200,103.7,1.0,112.2,11.7,1.1,0.2,0.7,0.0,1.1,0,18.6,1.56,198.41,18.51873346,128.63,18.5,1022.60,104037.6,38.6,19.9,107.1
106,21_M12A,champlain,0401,31.8,0.002,1179.2,FALSE,1,E5,Dune Ripple,CEFD,5,82.3,1179.2,31.8,12.0,7.8,0.6,0.621,0.652,1.050,1.25,0.58,26.5,17.8,37.5,25.2,144.0,17.6,4.3,20.2,8051.6,9.3,0.200,99.3,19.5,97.7,12.2,1.0,0.7,17.7,5.9,5.1,0.03,12.0,0.68,2.76,7.622304664,0.59,-8.2,32.38,16905.7,14.1,2.2,18.1
107,21_M12B,champlain,0401,30.8,0.003,192.6,FALSE,1,C4,Plane Bed,UST,3,84.7,192.6,30.8,11.9,11.9,1.0,0.615,0.460,0.748,0.90,0.44,180.0,59.2,3.9,1.3,208.5,81.9,109.0,92.3,303.7,34.7,0.300,5.1,0.5,2.4,26.1,1.7,46.6,52.8,10.4,5.2,0.01,17.6,0.21,0.16,-91.46966759,0.19,-74.8,7.51,376.8,11.9,-5.7,-32.5
108,21_M13A,champlain,0401,30.8,0.014,333.7,FALSE,1,C4,Riffle Pool,UST,3,85.3,333.7,30.8,11.9,10.5,0.9,0.615,0.603,0.981,2.01,0.57,162.5,104.7,3.2,2.0,970.9,70.0,145.4,368.2,160.9,94.4,1.400,9.9,3.4,8.4,17.4,1.6,51.3,79.1,12.0,9.0,0,81.9,1.17,0.56,-63.5608719,0.22,-286.3,5.47,1596.7,158.3,76.4,93.3
109,21_M13B,champlain,0401,30.7,0.012,940.3,FALSE,1,B3c,Riffle Pool,TR,1,89.9,940.3,30.7,11.8,10.6,0.9,0.614,0.509,0.829,1.35,0.48,332.0,160.7,3.8,1.8,829.3,2.6,304.2,655.9,160.4,138.8,1.200,2.9,0.0,2.2,20.8,1.1,88.2,130.6,5.3,3.2,0,70.0,26.57,0.23,-234.2008097,0.11,-585.9,2.96,793.8,75.3,5.3,7.5
110,21_T2.01B,champlain,0402,22.9,0.002,533.1,FALSE,1,C4,Dune Ripple,CEFD,5,49.4,533.1,22.9,10.4,8.1,0.8,0.563,0.500,0.888,0.96,0.48,48.3,29.1,3.9,2.3,101.2,48.4,29.8,31.1,748.1,15.2,0.200,56.9,3.3,71.2,16.3,1.0,12.5,29.1,15.0,3.8,0.03,9.7,0.20,0.33,-20.07375306,0.31,-21.4,16.53,779.2,9.1,-0.6,-6.7
111,23_T2.01-,hudsonhoosic,0202,138.4,0.01183152,644,FALSE,1,F3,Plane Bed,FSTCD,4,189.0,644.0,138.4,23.0,28.6,1.2,0.966,0.805,0.833,1.75,0.79,2989.0,245.2,16.3,1.3,4103.6,169.7,671.4,1157.6,119.2,211.1,1.183,6.9,1.5,1.2,35.6,2.3,183.1,232.5,7.8,1.6,0,178.5,1.05,0.27,-492.8775039,0.15,-979.1,3.22,974.7,160.1,-18.4,-10.3
112,23_T2.02-,hudsonhoosic,0202,138.3,0.011261262,947.3,FALSE,1,D3,Plane Bed,FSTCD,4,196.6,947.3,138.3,23.0,30.1,1.3,0.965,0.549,0.568,1.16,0.54,3251.0,253.8,17.3,1.3,3900.4,143.3,712.5,1204.1,124.4,215.4,1.126,4.6,0.5,3.0,54.9,1.0,188.1,241.0,8.4,0.0,0,169.7,1.18,0.24,-542.7629291,0.14,-1034.4,2.13,902.4,69.0,-100.8,-59.4
113,23_T2.03A,hudsonhoosic,0202,67.0,0.015,496.5,FALSE,1,C3,Riffle Pool,FSTCD,4,207.3,496.5,67.0,16.7,27.4,1.6,0.777,0.433,0.557,0.90,0.43,420.7,320.8,3.8,2.9,2394.8,171.7,643.1,2154.8,217.7,295.1,1.500,8.9,1.5,4.4,64.2,1.7,110.5,319.0,22.2,6.0,0,143.3,0.83,0.22,-499.7557362,0.07,-2011.5,1.33,1296.5,56.2,-87.1,-60.8
114,23_T2.03B,hudsonhoosic,0202,66.9,0.018,240.8,FALSE,1,F3,Plane Bed,UST,3,214.9,240.8,66.9,16.7,20.5,1.2,0.776,0.521,0.671,1.28,0.51,423.1,293.2,3.3,2.3,2867.7,209.8,602.8,1893.9,150.7,283.8,1.800,6.1,4.9,1.3,39.6,2.0,128.0,245.7,16.6,4.2,0,171.7,0.82,0.28,-431.098538,0.09,-1722.2,1.74,1341.8,114.6,-57.1,-33.2
115,23_T2.03C,hudsonhoosic,0202,66.9,0.022,155.1,FALSE,1,A3b,Cascade,TR,1,219.1,155.1,66.9,16.7,16.7,1.0,0.776,0.776,1,,,3691.5,2936.7,15.7,12.5,3501.9,266.4,7727.6,85542.6,713.2,3006.9,2.200,1.2,0.2,1.4,12.0,1.0,234.4,2740.9,6.4,6.4,0,209.8,0.79,0.03,-7517.779999,0.00,-85332.8,,895.0,,-209.8,-100.0
116,23_T2.03D,hudsonhoosic,0202,66.6,0.028,216.4,FALSE,1,F3b,Plane Bed,FSTCD,4,222.5,216.4,66.6,16.7,18.4,1.1,0.775,0.579,0.747,1.69,0.56,443.8,316.6,2.9,2.1,4439.3,180.6,628.3,2341.3,98.5,346.8,2.800,6.3,0.2,1.2,31.8,2.2,153.8,270.1,0.0,0.0,0,266.4,1.47,0.42,-361.9264759,0.11,-2074.9,1.76,1732.2,259.4,-7.0,-2.6
117,23_T2.04A,hudsonhoosic,0202,66.5,0.019,637.6,FALSE,1,F3,Plane Bed,FSTCD,4,228.6,637.6,66.5,16.7,18.4,1.1,0.775,0.579,0.747,1.39,0.56,443.8,316.6,2.9,2.1,3008.2,175.7,703.0,2110.4,130.2,311.1,1.900,29.8,0.5,1.2,31.8,2.2,153.8,270.1,6.3,4.7,0,180.6,1.03,0.26,-522.4247552,0.09,-1929.8,1.76,1174.5,145.0,-35.6,-19.7
118,23_T2.04B,hudsonhoosic,0202,54.3,0.021,781.2,FALSE,1,D3b,Plane Bed,DEP,6,240.8,781.2,54.3,15.2,15.2,1.0,0.729,0.594,0.815,1.50,0.56,443.8,316.6,2.9,2.1,2675.3,273.5,683.8,2168.4,121.2,320,2.100,59.2,1.4,99.0,99.0,1.0,153.8,270.1,12.8,10.2,0,175.7,0.64,0.26,-508.1057765,0.08,-1992.8,1.78,1142.2,173.8,-1.9,-1.1
119,23_T2.04C,hudsonhoosic,0202,53.5,0.033,776.9,FALSE,1,F2b,Plane Bed,FSTCD,4,257.5,776.9,53.5,15.1,17.9,1.2,0.726,0.726,1,,,574.7,445.7,2.0,1.5,4139.6,309.1,1154.8,3812.9,65.2,511.2,3.300,42.2,14.8,1.2,30.2,3.3,290.7,360.7,7.7,7.7,0.21,273.5,0.88,0.24,-881.2235123,0.07,-3539.4,,941.0,,-273.5,-100.0
120,23_T2.05-,hudsonhoosic,0202,53.2,0.037419355,4724.2,FALSE,1,C2b,Step Pool,CST,2,283.5,4724.2,53.2,15.1,18.1,1.2,0.725,0.759,1.047,2.12,0.73,658.3,456.2,2.2,1.5,4667.8,236.3,1157.6,4054.5,58.5,542,3.742,2.9,0.5,2.7,23.9,1.9,302.9,384.6,1.9,4.0,0.01,309.1,1.31,0.27,-848.4868564,0.08,-3745.4,1.60,1020.6,565.7,256.5,83.0
121,23_T2S1S1.01A,hudsonhoosic,0202,35.9,0.005,114,FALSE,1,C4,Plane Bed,CEFD,5,216.4,114.0,35.9,12.7,12.4,1.0,0.644,0.567,0.880,1.14,0.55,161.9,108.1,3.9,2.6,409.7,58.0,171.4,298.7,425.4,73.1,0.500,6.1,0.9,19.7,21.9,1.2,42.0,108.0,8.8,0.0,0,32.3,0.56,0.19,-139.1403926,0.11,-266.5,5.08,767.3,30.6,-1.6,-5.1
122,23_T2S1S1.01B,hudsonhoosic,0202,35.9,0.009,208.8,FALSE,1,F4,Plane Bed,UST,3,217.0,208.8,35.9,12.7,11.2,0.9,0.644,0.619,0.960,1.41,0.59,297.5,160.8,5.1,2.8,737.0,115.8,264.6,653.9,299.8,128.2,0.900,6.5,0.6,1.5,18.4,1.4,58.1,139.9,14.4,0.0,0.43,58.0,0.50,0.22,-206.5385122,0.09,-595.9,3.66,998.2,73.0,14.9,25.8
123,23_T2S1S1.01C,hudsonhoosic,0202,35.8,0.018,377,FALSE,1,C3,Plane Bed,UST,3,218.8,377.0,35.8,12.7,9.2,0.7,0.643,0.738,1.146,1.38,0.67,494.2,457.2,2.0,1.8,1467.8,179.6,1321.7,3512.4,118.8,442.5,1.800,10.9,5.3,2.4,12.6,1.9,253.1,401.6,0.0,0.0,0.79,115.8,0.64,0.09,-1205.934599,0.03,-3396.6,1.46,457.4,162.5,46.7,40.3
124,23_T2S1S1.02A,hudsonhoosic,0202,35.6,0.028,272.8,FALSE,1,B1,Step Pool,TR,1,225.5,272.8,35.6,12.7,12.7,1.0,0.643,0.643,1,,,381.3,293.3,4.1,3.2,2273.4,89.6,451.4,2284.5,151.8,321.3,2.800,2.0,0.5,1.6,12.0,1.0,92.5,275.2,3.7,3.7,0,179.6,2.00,0.40,-271.7583085,0.08,-2104.9,,1942.7,,-179.6,-100.0
125,23_T2S1S1.02B,hudsonhoosic,0202,35.5,0.014,315.5,FALSE,1,F3,Plane Bed,UST,3,233.2,315.5,35.5,12.6,14.2,1.1,0.642,0.561,0.873,1.00,0.54,474.8,402.3,2.4,2.0,1133.0,67.2,1098.3,2771.6,160.2,362.9,1.400,3.9,0.5,1.2,25.4,2.5,198.0,356.0,3.2,0.0,0.21,89.6,1.33,0.08,-1008.692354,0.03,-2682,1.35,452.8,74.3,-15.3,-17.1
126,23_T2S1S1.03-,hudsonhoosic,0202,35.4,0.010528331,1592.2,FALSE,1,C4,Riffle Pool,CEFD,5,237.7,1592.2,35.4,12.6,13.2,1.0,0.641,0.585,0.913,1.72,0.56,279.9,103.4,6.1,2.3,847.9,90.3,145.6,339.8,218.2,86.1,1.053,7.5,0.6,2.0,22.6,1.0,45.8,99.8,26.4,3.1,0.07,67.2,0.74,0.46,-78.37395036,0.20,-272.6,5.45,1466.5,100.1,32.9,48.9
127,26_M01A,otter,0203,301.4,0.001,481.6,FALSE,1,A4c,Riffle Pool,CST,2,67.1,481.6,301.4,32.4,32.6,1.0,1.219,1.405,1.152,0.90,1.36,347.7,190.4,16.9,9.2,797.3,172.3,279.6,498.5,4875.6,82.1,0.100,1.4,1.0,1.1,23.2,1.0,20.6,188.3,4.2,0.0,0.09,24.6,0.14,0.09,-254.9506704,0.05,-473.9,7.14,1196.1,12.0,-12.6,-51.4
128,26_M01B,otter,0203,301.3,0.007,662.3,FALSE,1,A1c,Bedrock,TR,1,67.7,662.3,301.3,32.4,32.4,1.0,1.219,1.219,1,,,3691.5,2936.7,15.7,12.5,5578.6,45.0,10254.5,59518.4,1626.6,2182.1,0.700,1.4,0.2,1.4,12.0,1.0,234.4,2740.9,1.5,0.0,0.03,172.3,3.83,0.02,-10082.11886,0.00,-59346,,735.2,,-172.3,-100.0
129,26_M02-,otter,0203,299.8,0.001835168,1826.9,FALSE,1,C4,Riffle Pool,FSTCD,4,72.5,1826.9,299.8,32.3,28.3,0.9,1.217,0.674,0.553,0.69,0.34,64.0,60.3,1.3,1.2,1454.7,56.8,125.4,81.2,409.3,30.8,0.184,8.8,1.4,5.9,21.1,1.2,50.2,53.4,9.3,2.2,0.06,45.0,0.79,0.36,-80.39796761,0.55,-36.1,5.71,898.1,4.3,-40.7,-90.5
130,26_M03-,otter,0203,295.2,0.002335669,913.4,FALSE,1,C4,Riffle Pool,FSTCD,4,75.9,913.4,295.2,32.1,41.8,1.3,1.212,0.680,0.561,1.17,0.67,60.6,46.4,2.2,1.7,1821.4,35.7,68.8,62.3,480.8,25.4,0.234,6.3,0.4,9.1,62.3,1.4,27.6,33.3,7.7,1.1,0.11,56.8,1.59,0.83,-11.98909886,0.91,-5.5,14.45,2055.5,18.0,-38.7,-68.2
131,26_M04-,otter,0203,250.7,0.001627907,1310.6,FALSE,1,C4,Riffle Pool,UST,3,78.0,1310.6,250.7,29.9,24.4,0.8,1.154,1.390,1.204,1.54,1.33,81.3,61.1,2.1,1.5,1065.7,44.8,115.0,83.1,573.4,30.2,0.163,15.7,2.3,12.5,17.4,1.2,39.5,39.1,4.6,1.5,0.16,35.7,0.80,0.31,-79.32898396,0.43,-47.4,21.76,903.2,32.7,-3.0,-8.5
132,26_M05-,otter,0203,246.8,0.002061856,739.1,FALSE,1,C4,Riffle Pool,FSTCD,4,80.2,739.1,246.8,29.6,33.5,1.1,1.148,1.210,1.054,1.62,1.17,64.0,54.5,1.8,1.5,1327.3,40.9,93.8,75,477.3,28.7,0.206,6.7,0.6,5.9,27.7,1.4,35.7,42.2,10.8,4.1,0.04,44.8,1.09,0.48,-48.98776359,0.60,-30.3,21.55,1253.2,38.4,-6.3,-14.2
133,26_M06-,otter,0203,237.7,0.001930502,789.4,FALSE,1,C4,Riffle Pool,FSTCD,4,81.7,789.4,237.7,29.2,31.4,1.1,1.136,0.884,0.778,1.26,0.85,84.6,50.4,3.5,2.1,1193.9,34.3,72.1,68.7,684.3,26.1,0.193,11.7,1.4,1.8,31.2,1.4,24.2,49.8,11.4,2.5,0.09,40.9,1.19,0.57,-31.17822247,0.60,-27.8,16.94,1694.3,20.4,-20.5,-50.2
134,26_M07-,otter,0203,236.8,0.001621797,939.7,FALSE,1,C4,Riffle Pool,FSTCD,4,83.2,939.7,236.8,29.1,54.8,1.9,1.134,0.357,0.314,0.48,0.35,127.1,85.0,3.2,2.1,999.1,68.6,161.8,143,785.5,42,0.162,8.2,2.5,13.3,149.8,1.7,40.3,77.0,10.6,2.1,0.25,34.3,0.50,0.21,-127.4902308,0.24,-108.7,4.16,851.8,2.7,-31.6,-92.2
135,26_M08-,otter,0203,234.1,0.003265306,1120.1,FALSE,1,C4,Riffle Pool,FSTCD,4,84.7,1120.1,234.1,29.0,35.1,1.2,1.130,0.969,0.857,1.27,0.95,344.5,158.4,8.3,3.8,1986.4,107.8,270.3,494.7,861.8,95.1,0.327,3.3,1.6,3.9,36.2,1.7,41.3,148.5,6.2,0.0,0.08,68.6,0.64,0.25,-201.7508057,0.14,-426.2,5.98,1659.4,38.7,-29.9,-43.6
136,26_M09-,otter,0203,230.4,0.005184033,1175.9,FALSE,1,B4c,Plane Bed,TR,1,88.4,1175.9,230.4,28.8,28.9,1.0,1.125,0.753,0.669,1.01,0.73,487.3,282.6,12.8,7.4,3101.0,64.5,422.7,1502.1,1200.5,193.1,0.518,2.1,0.2,1.3,37.9,1.9,37.9,281.8,1.7,0.0,0.03,107.8,1.67,0.25,-314.9409423,0.07,-1394.3,2.58,2840.6,37.5,-70.3,-65.2
137,26_M10-,otter,0203,228.8,0.003117207,1466.6,FALSE,1,C4,Riffle Pool,FSTCD,4,94.5,1466.6,228.8,28.7,29.3,1.0,1.123,0.905,0.806,1.55,0.88,87.3,62.3,3.2,2.3,1850.3,55.9,86.8,111.2,534.5,36.9,0.312,12.5,1.0,3.1,38.5,1.6,27.1,60.9,11.6,2.0,0.09,64.5,1.15,0.74,-22.28803016,0.58,-46.7,14.19,2381.7,42.0,-22.5,-34.9
138,26_M11A,otter,0203,193.7,0.003,500.2,FALSE,1,C4,Plane Bed,UST,3,99.1,500.2,193.7,26.7,24.4,0.9,1.068,1.393,1.304,1.36,1.35,449.6,279.2,10.9,6.8,1490.4,55.3,483.9,1220.8,1614.4,163.6,0.300,12.5,1.9,10.4,17.4,1.8,41.3,278.6,6.0,0.0,0.19,55.9,1.01,0.12,-427.9653732,0.05,-1164.9,4.84,1353.2,53.9,-2.0,-3.5
139,26_M11B,otter,0203,190.4,0.003,456.3,FALSE,1,D4c,Braided,FSTCD,4,100.6,456.3,190.4,26.5,52.1,2.0,1.062,0.622,0.585,1.04,0.61,116.3,84.1,2.8,2.0,1463.2,54.2,146.8,168.6,479.3,49.3,0.300,6.6,0.5,9.2,85.4,1.1,41.9,68.1,13.2,4.4,0.06,55.3,1.02,0.38,-91.44251998,0.33,-113.3,7.25,1319.7,18.7,-36.6,-66.2
140,26_M12A,otter,0203,184.6,0.003,292.3,FALSE,1,C3,Riffle Pool,FSTCD,4,102.1,292.3,184.6,26.1,25.2,1.0,1.053,0.799,0.759,1.17,0.79,160.7,110.7,2.5,1.7,1415.3,72.3,240.5,248.1,407.8,64.9,0.300,13.5,1.5,13.5,31.8,1.5,64.9,87.0,6.8,0.0,0.34,54.2,0.75,0.23,-186.228586,0.22,-193.9,7.10,836.0,27.2,-27.1,-49.9
141,26_M12B,otter,0203,184.5,0.004,1550.4,FALSE,1,C4,Riffle Pool,FSTCD,4,103.0,1550.4,184.5,26.1,48.5,1.9,1.053,0.445,0.423,0.64,0.44,250.1,193.1,2.8,2.1,1886.5,107.8,468.2,647.4,416.9,122.7,0.400,8.8,0.4,3.8,108.9,1.7,90.0,171.1,5.8,5.2,0.03,72.3,0.67,0.15,-395.8742392,0.11,-575.1,2.29,803.4,11.2,-61.1,-84.5
142,26_M12C,otter,0203,182.8,0.006,514.5,FALSE,1,C4,Riffle Pool,FSTCD,4,109.7,514.5,182.8,26.0,28.9,1.1,1.050,0.768,0.732,1.46,0.76,241.4,146.7,3.8,2.3,2801.4,147.9,276.5,489.1,332.6,104.4,0.600,22.2,0.9,29.3,37.9,1.7,64.0,121.1,5.8,3.9,0.05,107.8,0.73,0.39,-168.7088389,0.22,-381.3,5.17,1684.7,65.4,-42.4,-39.3
143,26_M15-,otter,0203,179.2,0.011404216,2645.8,FALSE,1,C3,Riffle Pool,FSTCD,4,150.0,2645.8,179.2,25.8,29.6,1.2,1.043,0.664,0.637,1.50,0.65,348.3,220.1,3.2,2.0,5213.0,273.7,471.4,1056,182.7,187.5,1.140,5.6,1.2,3.7,40.5,1.7,110.1,182.2,5.3,3.0,0.13,202.4,0.74,0.43,-268.9775763,0.19,-853.7,2.95,1838.9,108.9,-93.5,-46.2
144,26_M16A,otter,0201,128.6,0.019,223.1,FALSE,1,D3,Braided,DEP,6,180.1,223.1,128.6,22.3,22.3,1.0,0.945,0.945,1,,,1393.4,705.0,9.2,4.6,6092.2,590.2,1555.3,8184.5,293.9,692.8,1.900,4.5,2.4,99.0,99.0,1.0,151.8,695.1,22.4,0.0,0,273.7,0.46,0.18,-1281.644204,0.03,-7910.8,,1802.9,,-273.7,-100.0
145,26_M16B,otter,0201,128.5,0.041,1431.6,FALSE,1,A3,Step Pool,TR,1,184.4,1431.6,128.5,22.3,20.9,0.9,0.944,0.735,0.778,,0.72,3691.5,2936.7,15.7,12.5,13134.1,194.9,6353.9,103525,455.6,3579.5,4.100,1.9,0.3,1.2,26.4,1.0,234.4,2740.9,4.2,0.0,0.21,590.2,3.03,0.09,-5763.680865,0.01,-102934.8,0.24,2517.8,,-590.2,-100.0
146,26_T3.01-,otter,0202,46.3,0.003821083,1356,FALSE,1,C4,Riffle Pool,UST,3,180.1,1356.0,46.3,14.2,13.8,1.0,0.695,0.579,0.833,0.75,0.55,249.0,224.8,4.2,3.8,410.6,43.1,447.9,876.5,755.8,141,0.382,8.6,0.9,7.9,23.8,1.7,59.7,177.6,10.3,5.9,0.07,28.9,0.67,0.06,-419.0121504,0.03,-847.5,2.47,484.1,15.5,-13.4,-46.4
147,26_T3.02-,otter,0202,43.3,0.005936319,1129.5,FALSE,1,C4,Riffle Pool,UST,3,185.3,1129.5,43.3,13.8,14.9,1.1,0.681,0.488,0.716,0.88,0.47,237.4,180.0,4.5,3.4,593.8,103.6,307.8,708.8,502,127.7,0.594,9.2,2.0,10.2,30.5,1.7,52.4,178.3,15.9,6.2,0.16,43.1,0.42,0.14,-264.6896664,0.06,-665.7,2.61,821.6,23.9,-19.1,-44.4
148,26_T3.03A,otter,0202,30.0,0.018,171.6,FALSE,1,C3,Plane Bed,UST,3,192.0,171.6,30.0,11.7,12.1,1.0,0.610,0.655,1.074,1.39,0.63,467.4,382.4,2.4,1.9,1215.4,132.3,973.1,2729.2,128.2,370.1,1.800,4.7,0.4,1.8,38.8,1.5,196.1,336.7,11.7,0.0,0.02,103.6,0.78,0.11,-869.4783786,0.04,-2625.6,1.66,528.2,156.0,52.4,50.5
149,26_T3.03B,otter,0202,30.0,0.023,402.9,FALSE,1,F3b,Plane Bed,FSTCD,4,195.1,402.9,30.0,11.7,13.7,1.2,0.610,0.539,0.884,1.25,0.53,471.4,393.1,7.4,6.1,1552.3,206.9,533.7,3785.1,338.7,407.6,2.300,10.9,5.8,1.3,25.0,2.7,64.0,386.8,5.0,2.5,0.21,132.3,0.64,0.25,-401.3293908,0.03,-3652.8,1.34,2067.9,148.3,16.0,12.1
150,27_M03-,champlain,0502,207.5,0.000365564,1667.5,FALSE,1,C5,Dune Ripple,CEFD,5,29.3,1667.5,207.5,27.5,19.9,0.7,1.090,1.350,1.238,1.20,1.26,7.1,3.2,8.3,3.7,195.5,14.5,1.1,0.7,4067.8,1,0.037,18.4,1.4,15.8,14.8,1.0,0.9,3.1,1.2,1.2,0.02,7.1,0.49,6.46,6.013919426,10.24,6.4,395.00,8329.0,5.4,-1.7,-23.8
151,27_M04-,champlain,0502,206.1,0.000748503,1628.8,FALSE,1,E5,Dune Ripple,CEFD,5,29.9,1628.8,206.1,27.4,16.4,0.6,1.088,1.536,1.412,1.58,1.42,15.6,9.3,125.2,74.4,397.4,48.1,1.1,6,48284.2,3.7,0.075,13.5,4.9,27.8,10.7,1.0,0.1,9.2,8.6,1.8,0,14.5,0.30,13.07,13.39866969,2.40,8.5,153.13,116069.4,16.5,2.0,14.0
152,27_M05-,champlain,0502,203.0,0.002506266,729.7,FALSE,1,C3,Riffle Pool,UST,3,31.1,729.7,203.0,27.2,25.6,0.9,1.083,0.780,0.720,0.77,0.77,3251.0,254.4,15.9,1.2,1309.2,137.2,1013.2,776.2,338.2,141.8,0.251,2.7,0.3,2.3,32.3,1.5,204.6,252.4,11.0,0.0,0,48.1,0.35,0.05,-965.0456484,0.06,-728.1,3.03,235.2,14.6,-33.5,-69.6
153,27_M06-,champlain,0502,200.5,0.007202881,1777.2,FALSE,1,C3,Riffle Pool,FSTCD,4,32.9,1777.2,200.5,27.1,25.9,1.0,1.079,1.055,0.977,1.93,1.03,241.0,182.4,3.2,2.4,3713.6,133.2,360.2,721.6,305.7,136.6,0.720,9.2,2.7,2.1,24.3,2.0,75.9,181.8,11.3,1.7,0.01,137.2,1.03,0.38,-222.9284907,0.19,-584.3,5.63,1808.1,140.3,3.1,2.2
154,27_M07-,champlain,0502,194.6,0.007124068,2780.9,FALSE,1,B4c,Riffle Pool,TR,1,45.7,2780.9,194.6,26.7,22.6,0.8,1.070,1.024,0.957,2.36,0.99,154.4,86.8,4.8,2.7,3557.7,28.5,111.6,241.2,347.8,64.8,0.712,3.4,0.3,1.7,21.8,1.0,32.0,86.6,1.1,0.0,0.01,133.2,4.67,1.19,21.62011067,0.55,-108,11.45,4162.4,163.6,30.4,22.8
155,27_M08-,champlain,0502,191.6,0.001542258,1976.2,FALSE,1,C4,Riffle Pool,CEFD,5,65.5,1976.2,191.6,26.5,22.9,0.9,1.064,1.100,1.034,1.40,1.05,69.7,39.0,4.2,2.4,757.1,36.1,48.0,44.5,910.5,19,0.154,10.6,5.1,12.0,20.9,1.0,16.5,38.6,3.0,0.0,0.02,28.5,0.79,0.59,-19.45927624,0.64,-16,27.01,1725.3,22.4,-6.2,-21.7
156,27_M09A,champlain,0502,183.9,0.002,306,FALSE,1,F4,Plane Bed,UST,3,68.6,306.0,183.9,26.0,25.8,1.0,1.051,0.814,0.774,0.89,0.80,238.6,141.8,6.3,3.7,939.7,180.3,252.9,357.5,1195.6,74.2,0.200,2.1,0.9,1.4,31.7,2.7,37.9,141.3,3.3,0.0,0,36.1,0.20,0.14,-216.8129703,0.10,-321.5,5.61,950.6,14.0,-22.1,-61.3
157,27_M10B,champlain,0502,175.4,0.004,1077.4,FALSE,1,C4,Riffle Pool,FSTCD,4,70.4,1077.4,175.4,25.5,26.1,1.0,1.037,0.792,0.764,1.18,0.78,441.3,163.3,9.8,3.6,1787.1,157.2,279.9,547.2,705,103.7,0.400,5.4,2.1,2.7,32.9,1.6,45.0,163.2,2.8,2.8,0,70.0,0.45,0.25,-209.8592446,0.13,-477.1,4.80,1556.5,36.3,-33.7,-48.1
158,27_M10C,champlain,0502,174.8,0.009,823.2,FALSE,1,B4c,Riffle Pool,CST,2,74.7,823.2,174.8,25.5,27.9,1.1,1.036,0.969,0.936,2.31,0.95,297.0,122.1,34.3,14.1,4005.6,52.3,77.5,556.2,1527.5,97.4,0.900,2.6,0.7,2.2,28.8,1.5,8.7,122.0,4.9,0.0,0,157.2,3.01,2.03,79.69261265,0.28,-398.9,7.81,18150.5,194.6,37.3,23.7
159,27_M10D,champlain,0502,174.2,0.003,1483.7,FALSE,1,C4,Riffle Pool,FSTCD,4,82.3,1483.7,174.2,25.4,34.1,1.3,1.035,0.594,0.574,0.79,0.59,302.7,164.2,4.7,2.6,1330.8,51.6,354.1,478.4,613,96.2,0.300,3.8,1.5,7.1,57.4,1.6,64.0,161.7,2.0,0.7,0,52.3,1.01,0.15,-301.8270015,0.11,-426.1,3.58,817.3,13.7,-38.6,-73.8
160,27_M10E,champlain,0502,170.6,0.003,350.2,FALSE,1,C3,Riffle Pool,UST,3,86.6,350.2,170.6,25.2,19.4,0.8,1.028,0.914,0.889,1.08,0.88,279.9,192.9,4.2,2.9,1301.0,308.9,423.3,621.4,696.2,113.1,0.300,2.5,1.6,7.6,21.2,1.4,66.2,191.6,0.0,0.0,0.06,51.6,0.17,0.12,-371.6699802,0.08,-569.8,4.57,779.5,27.9,-23.7,-46.0
161,27_M10F,champlain,0502,169.9,0.018,171.9,FALSE,1,B1c,Bedrock,TR,1,87.8,171.9,169.9,25.2,25.2,1.0,1.027,1.027,1,,,3691.5,2936.7,15.7,12.5,7771.1,61.6,8170.4,80357.6,824.1,2842.6,1.800,1.6,0.2,1.6,12.0,1.0,234.4,2740.9,0.0,0.0,0.04,308.9,5.01,0.04,-7861.49728,0.00,-80048.7,,1317.7,,-308.9,-100.0
162,27_M11-,champlain,0502,169.8,0.003591739,1018.3,FALSE,1,C4,Riffle Pool,FSTCD,4,90.8,1018.3,169.8,25.2,20.4,0.8,1.027,1.061,1.03,1.27,1.03,522.8,225.3,10.1,4.4,1550.0,48.2,422.6,881.1,914.2,138.9,0.359,7.5,1.1,23.9,19.3,1.6,51.7,223.9,2.9,0.0,0,61.6,1.28,0.15,-360.9968148,0.07,-819.5,4.56,1191.2,45.9,-15.7,-25.5
163,27_M12A,champlain,0502,152.8,0.003,1107,FALSE,1,E4,Dune Ripple,CEFD,5,94.5,1107.0,152.8,24.0,14.2,0.6,0.995,1.219,1.23,1.33,1.22,247.6,225.7,4.3,3.9,1156.1,111.3,463.5,821.5,930.3,132.3,0.300,6.7,1.8,8.0,11.6,1.2,58.0,224.4,0.9,0.0,0,48.2,0.43,0.10,-415.3686074,0.06,-773.3,5.40,830.4,47.6,-0.5,-1.1
164,27_M12B,champlain,0502,150.6,0.007,353.9,FALSE,1,B4c,Plane Bed,UST,3,97.5,353.9,150.6,23.9,18.1,0.8,0.990,1.018,1.03,1.66,0.97,624.1,237.8,9.8,3.7,2656.7,12.5,433.9,1146.1,482.5,176.7,0.700,3.6,0.5,2.0,17.8,1.7,64.0,236.2,2.8,0.0,0.07,111.3,8.90,0.26,-322.5241314,0.10,-1034.7,4.08,1739.8,110.4,-0.9,-0.8
165,27_M13B,champlain,0501,99.9,0.002,1231.9,FALSE,1,C4,Riffle Pool,UST,3,103.0,1231.9,99.9,19.9,17.1,0.9,0.876,0.573,0.65,0.53,0.56,664.0,237.2,11.3,4.0,489.1,40.6,525.8,782.5,1295.3,124.1,0.200,5.3,1.5,3.2,29.9,1.9,58.6,235.5,0.8,0.0,0.03,24.6,0.60,0.05,-501.2652714,0.03,-758,2.36,419.1,5.8,-18.8,-76.4
166,27_M14-,champlain,0501,98.9,0.003330003,915.3,FALSE,1,B3c,Riffle Pool,TR,1,106.7,915.3,98.9,19.8,15.8,0.8,0.873,0.753,0.86,0.91,0.73,630.3,221.3,12.6,4.4,806.2,12.2,414.6,839.3,978.3,133.6,0.333,3.6,0.2,1.5,21.1,1.0,50.2,219.9,4.4,0.0,0.03,40.6,3.35,0.10,-373.9325534,0.05,-798.7,3.31,810.5,21.7,-19.0,-46.7
167,27_M15A,champlain,0501,98.2,0.001,1878.1,FALSE,1,E4,Riffle Pool,CEFD,5,109.7,1878.1,98.2,19.8,13.7,0.7,0.871,1.289,1.48,1.66,1.17,51.4,7.6,8.3,1.2,240.2,23.9,6.1,3,649,3.3,0.100,16.7,0.7,20.0,10.7,1.0,6.2,6.3,19.7,3.2,0.02,12.2,0.51,1.98,6.019834177,4.00,9.1,153.24,1964.0,19.0,6.9,56.7
168,27_M15B,champlain,0501,95.6,0.002,1215.8,FALSE,1,C4,Riffle Pool,FSTCD,4,112.2,1215.8,95.6,19.5,17.5,0.9,0.864,0.482,0.56,0.77,0.47,190.9,58.9,24.8,7.6,466.5,5.9,47.3,105.3,2446.1,30.8,0.200,24.4,1.7,8.0,35.8,1.6,7.7,57.5,12.3,3.3,0.01,23.9,4.03,0.51,-23.39469597,0.23,-81.4,7.92,3102.5,7.0,-16.9,-70.6
169,27_M16-,champlain,0501,68.9,0.000609849,1999.1,FALSE,1,C4,Riffle Pool,CEFD,5,114.6,1999.1,68.9,16.9,17.1,1.0,0.783,0.850,1.09,0.86,0.80,21.9,17.5,5.7,4.6,100.2,8.9,11.9,10.8,3444.3,6.6,0.061,14.3,1.0,11.4,20.0,1.2,3.8,17.2,2.0,1.5,0.09,5.9,0.67,0.50,-6.00926321,0.55,-4.9,45.55,1546.9,4.1,-1.8,-30.7
170,27_M17A,champlain,0501,59.8,0.001,1050.3,FALSE,1,E4,Riffle Pool,CEFD,5,115.8,1050.3,59.8,15.9,9.6,0.6,0.751,1.396,1.86,1.72,1.21,7.8,7.4,1.2,1.2,141.3,17.7,6.0,2.9,620.4,3.2,0.100,13.7,0.7,42.0,6.9,1.3,6.3,6.1,1.9,1.0,0.06,8.9,0.50,1.48,2.877687092,3.07,6,162.90,1412.7,20.4,11.5,128.9
171,27_M17B,champlain,0501,59.3,0.002,2606.5,FALSE,1,E4,Riffle Pool,CEFD,5,117.0,2606.5,59.3,15.8,10.3,0.6,0.749,1.512,2.02,2.58,1.32,7.8,7.4,1.2,1.2,279.9,67.2,5.4,3.6,376.7,3.9,0.200,19.3,1.4,10.1,6.8,1.3,6.3,6.1,8.8,0.8,0.02,17.7,0.26,3.29,12.30044916,4.95,14.1,178.53,2809.2,66.9,49.2,278.3
172,27_M17C,champlain,0501,54.7,0.008,611.1,FALSE,1,C4,Riffle Pool,UST,3,121.3,611.1,54.7,15.3,10.3,0.7,0.731,0.881,1.21,2.55,0.81,65.1,46.8,6.3,4.5,1027.2,533.3,33.3,107.5,534.5,36.1,0.800,13.4,5.6,19.6,11.7,1.4,10.3,45.8,6.5,3.3,0.05,67.2,0.13,2.02,33.93759792,0.63,-40.3,17.40,6513.3,163.0,95.8,142.5
173,27_M18-,champlain,0501,47.7,0.069156294,440.7,FALSE,1,B1a,Step Pool,TR,1,126.5,440.7,47.7,14.4,15.2,1.1,0.701,0.701,1,,,939.0,776.0,4.1,3.4,7673.1,15.4,1354.2,12715,85.1,1095,6.916,2.4,0.1,2.2,12.8,1.0,227.6,768.9,0.0,2.3,0.02,533.3,34.63,0.39,-820.917445,0.04,-12181.8,,2342.6,,-533.3,-100.0
174,27_M19A,champlain,0501,47.6,0.002,855.8,FALSE,1,E4,Riffle Pool,CEFD,5,157.0,855.8,47.6,14.4,8.2,0.6,0.701,1.021,1.457,1.35,0.90,61.0,53.4,9.1,8.0,221.3,22.8,40.1,91.6,2547.4,28,0.200,32.6,1.1,11.2,8.0,1.2,6.7,52.2,8.2,0.0,0.08,15.4,0.68,0.38,-24.69712397,0.17,-76.2,16.82,2293.5,23.7,8.3,54.2
175,27_M19B,champlain,0501,46.6,0.003,2461.7,FALSE,1,C4,Riffle Pool,UST,3,159.1,2461.7,46.6,14.2,10.1,0.7,0.696,0.667,0.958,1.22,0.63,67.7,57.5,9.7,8.2,324.3,36.1,41.1,117.2,1960.5,33.7,0.300,29.5,2.8,4.5,15.2,1.3,7.0,56.3,8.1,0.0,0.13,22.8,0.63,0.55,-18.28800388,0.19,-94.4,11.02,3249.1,22.7,-0.1,-0.4
176,27_M20A,champlain,0501,43.0,0.005,699.2,FALSE,1,C4,Riffle Pool,UST,3,167.6,699.2,43.0,13.8,14.9,1.1,0.680,0.680,0.999,0.97,0.64,256.0,231.8,4.3,3.9,496.9,64.6,436.7,1002.8,646.1,156.7,0.500,10.5,2.0,2.3,21.9,1.9,59.3,225.3,7.2,1.4,0.05,36.1,0.56,0.08,-400.5879231,0.04,-966.6,2.76,608.8,30.6,-5.6,-15.4
177,27_M20B,champlain,0501,42.6,0.009,529.7,FALSE,1,F3,Riffle Pool,UST,3,171.3,529.7,42.6,13.7,15.7,1.1,0.678,0.472,0.697,0.90,0.46,724.1,246.0,3.7,1.3,883.6,28.1,743.4,1065.1,135.8,196.1,0.900,5.2,2.0,1.2,33.2,2.6,196.2,200.3,18.9,1.9,0,64.6,2.30,0.09,-678.8239505,0.06,-1000.5,1.88,329.1,36.8,-27.8,-43.0
178,27_M21A,champlain,0501,28.8,0.005,390.1,FALSE,1,B3c,Plane Bed,UST,3,176.2,390.1,28.8,11.5,9.5,0.8,0.603,0.780,1.294,1.09,0.74,724.1,244.3,3.9,1.3,323.6,22.4,817.3,901,215.9,165.2,0.500,2.6,0.2,2.1,12.2,1.4,187.2,198.7,2.6,0.0,0.05,28.1,1.25,0.03,-789.2368708,0.03,-872.9,3.03,150.0,39.5,11.4,40.8
179,27_M21B,champlain,0501,28.7,0.004,950.3,FALSE,1,C4,Riffle Pool,FSTCD,4,178.3,950.3,28.7,11.5,10.8,0.9,0.602,0.731,1.215,0.92,0.69,784.4,239.6,16.9,5.2,257.1,42.0,417.1,1025.1,1003.3,152.2,0.400,14.1,0.7,2.7,14.8,1.5,46.4,238.3,18.9,1.1,0.02,22.4,0.53,0.05,-394.7379296,0.02,-1002.7,2.89,482.0,25.0,2.7,11.9
180,27_M22-,champlain,0501,27.7,0.007678751,2421.2,FALSE,1,C4,Riffle Pool,FSTCD,4,182.6,2421.2,27.7,11.3,10.8,1.0,0.596,0.469,0.788,1.19,0.46,164.8,110.0,4.8,3.2,475.5,128.5,144.2,362,389.1,83.9,0.768,19.3,3.4,11.3,23.5,1.6,34.4,107.5,7.4,5.4,0.06,42.0,0.33,0.29,-102.1700024,0.12,-320,4.15,1222.6,41.0,-1.0,-2.3
181,27_M23-,champlain,0501,23.0,0.026415095,1373.1,FALSE,1,F4b,Plane Bed,UST,3,201.2,1373.1,23.0,10.4,9.8,0.9,0.563,0.344,0.611,0.80,0.34,522.8,358.8,9.7,6.7,1340.5,176.5,428.1,3487.9,333.6,386.6,2.642,5.6,2.5,1.2,28.3,3.9,53.7,357.8,16.0,2.9,0.01,128.5,0.73,0.30,-299.5754562,0.04,-3359.4,0.93,2394.6,69.9,-58.6,-45.6
182,27_T3.01A,champlain,0502,47.3,0.001,975,FALSE,1,E5,Dune Ripple,CEFD,5,102.1,975.0,47.3,14.3,7.2,0.5,0.700,0.686,0.980,0.91,0.62,43.5,18.8,241.3,104.3,110.0,7.6,2.6,19.9,54991.5,8.1,0.100,14.9,0.8,24.7,10.4,1.0,0.2,18.7,15.4,0.0,0,7.7,1.01,2.97,5.089619508,0.39,-12.2,32.75,42572.3,5.5,-2.2,-28.2
183,27_T3.01B,champlain,0502,46.7,0.001,560.8,FALSE,1,C4,Riffle Pool,UST,3,102.7,560.8,46.7,14.3,9.3,0.6,0.697,0.564,0.809,0.76,0.51,32.0,23.3,8.0,5.8,108.4,104.7,15.1,20.2,3071,10,0.100,18.1,3.7,20.6,16.4,1.4,4.0,23.3,25.0,3.6,0.02,7.6,0.07,0.50,-7.475320563,0.38,-12.6,21.97,1901.5,3.8,-3.8,-49.8
184,27_T3.01C,champlain,0502,45.4,0.014,1329.8,FALSE,1,C4,Riffle Pool,CEFD,5,103.3,1329.8,45.4,14.1,12.5,0.9,0.691,0.430,0.622,1.81,0.42,138.0,65.4,12.0,5.7,1473.7,63.8,43.1,218.5,447.3,59,1.400,4.9,2.0,3.2,29.3,1.0,11.5,65.3,16.5,3.8,0.05,104.7,1.64,2.43,61.56485099,0.48,-113.8,6.48,9079.1,105.1,0.5,0.5
185,27_T3.02-,champlain,0502,42.9,0.008847111,1102.4,FALSE,1,B3c,Riffle Pool,TR,1,121.3,1102.4,42.9,13.7,12.8,0.9,0.679,0.722,1.063,1.59,0.70,362.0,166.1,3.9,1.8,876.1,14.3,346.6,630.9,196.4,131.8,0.885,2.4,0.2,1.2,17.5,1.0,92.8,155.1,10.9,1.8,0,63.8,4.47,0.18,-282.7752756,0.10,-567.1,4.20,687.5,96.5,32.7,51.2
186,27_T4.01A,champlain,0501,23.9,0.005,1345.6,FALSE,1,C4,Dune Ripple,CEFD,5,114.6,1345.6,23.9,10.6,9.6,0.9,0.570,0.381,0.668,1.13,0.36,55.6,39.5,2.8,2.0,264.9,55.3,42.7,63.3,334.5,26.7,0.500,30.3,1.2,33.1,25.1,1.0,19.5,38.5,15.6,3.0,0.01,25.0,0.45,0.58,-17.70116894,0.39,-38.3,9.19,1278.0,20.0,-4.9,-19.7
187,27_T4.01B,champlain,0501,21.1,0.012,1595.6,FALSE,1,C4,Plane Bed,FSTCD,4,121.9,1595.6,21.1,10.0,9.9,1.0,0.549,0.259,0.472,0.89,0.24,135.1,97.2,2.5,1.8,555.1,91.8,145.2,306.9,155.8,84,1.200,26.2,5.3,28.9,38.2,1.5,54.9,84.9,20.1,5.6,0.05,55.3,0.60,0.38,-89.96965696,0.18,-251.6,2.51,1006.2,25.6,-29.7,-53.7
188,27_T4.02A,champlain,0501,19.4,0.021,1374.3,FALSE,1,B3,Plane Bed,UST,3,141.7,1374.3,19.4,9.7,7.4,0.8,0.535,0.527,0.985,1.53,0.49,336.6,238.0,3.4,2.4,889.1,79.7,413.4,1456.9,140.7,240.5,2.100,4.9,2.0,1.8,14.4,2.3,99.5,225.0,8.7,2.2,0.11,91.8,1.15,0.22,-321.5822105,0.06,-1365.1,2.07,922.6,155.7,63.9,69.6
189,27_T4.02B,champlain,0501,18.2,0.019,532.2,FALSE,1,B3c,Riffle Pool,FSTCD,4,170.7,532.2,18.2,9.4,8.8,0.9,0.525,0.402,0.766,1.12,0.39,456.1,236.0,5.3,2.8,750.1,37.2,390.5,1440.4,174.8,231.9,1.900,2.4,0.2,2.0,22.0,1.4,85.4,214.0,15.0,11.3,0.03,79.7,2.14,0.20,-310.8036158,0.06,-1360.7,1.65,933.6,81.4,1.7,2.1
190,27_T4.05A,champlain,0501,6.0,0.044,275.8,FALSE,1,F4a,Plane Bed,UST,3,201.2,275.8,6.0,5.8,5.0,0.9,0.377,0.311,0.824,0.82,0.30,469.5,388.0,7.5,6.2,535.3,166.1,422.9,4491,214.5,482.4,4.400,15.2,8.2,1.2,16.4,2.4,62.5,386.0,3.6,3.6,0.13,92.3,0.56,0.22,-330.5395141,0.02,-4398.6,0.78,1476.9,107.3,14.9,16.2
191,27_T4.05B,champlain,0501,5.8,0.081,564.2,FALSE,1,F3a,Step Pool,CST,2,213.3,564.2,5.8,5.7,7.4,1.3,0.373,0.302,0.808,1.56,0.29,456.1,253.5,2.5,1.4,948.1,186.5,368.8,1961.7,31.1,373.9,8.100,1.9,0.8,1.3,24.4,2.6,181.8,246.5,8.9,3.5,0,166.1,0.89,0.45,-202.6273357,0.08,-1795.5,1.13,914.0,354.3,188.2,113.3
192,27_T4.05C,champlain,0501,4.5,0.107,228.6,FALSE,1,B1a,Bedrock,TR,1,259.1,228.6,4.5,5.1,5.1,1.0,0.346,0.346,1,,,3691.5,2936.7,15.7,12.5,950.0,54.9,4237.2,137412.6,228.3,4682.4,10.700,2.4,0.3,1.6,12.0,1.0,234.4,2740.9,0.0,0.0,0,186.5,3.40,0.04,-4050.671304,0.00,-137226.1,,795.6,,-186.5,-100.0
193,27_T4.05D,champlain,0501,4.4,0.032,1332.8,FALSE,1,C4b,Plane Bed,UST,3,283.5,1332.8,4.4,5.0,5.9,1.2,0.343,0.280,0.818,1.19,0.27,301.8,171.1,5.9,3.4,276.4,14.6,187.6,1068.1,145.8,194.6,3.200,7.8,0.6,9.1,21.0,1.6,51.0,164.2,2.3,0.8,0.01,54.9,3.77,0.29,-132.7475647,0.05,-1013.3,1.60,1075.6,102.4,47.5,86.6
194,177_M12A,lamoille,0303,8.0,0.04473,293.2,FALSE,1,D,Plane Bed,DEP,6,303.3,293.2,8.0,,18.0,,,0.335,,1.32,0.34,1504.4,220.5,13.1,1.9,,,,,,,4.473,4.2,0.8,1.7,52.7,1.3,114.7,220.1,3.2,0.9,0.0,,,,,,,,,,,
195,192_M12A,lamoille,0304,26.5,0.01456,915.9,FALSE,1,D,Braided,DEP,6,188.7,915.9,26.5,,20.7,,,0.52,,,0.49,216.2,149.0,4.5,3.1,,,,,,,1.456,15.4,0.4,4.3,39.2,1,47.9,133.0,21.8,14.2,0.21,,,,,,,,,,,
196,36_T1.01B,winooski,0504,10.9,0.03918,378.6,FALSE,1,C,Riffle Pool,DEP,6,169.1,378.6,10.9,,11.9,,,0.30,,,0.30,107.6,50.3,6.0,2.8,,,,,,,3.918,11.2,0.9,9.3,37.8,1.1,18.0,49.6,31.7,26.4,0.02,,,,,,,,,,,
197,36_T3.01B,winooski,0504,23.5,0.02036,1084.2,FALSE,1,C,Riffle Pool,DEP,6,186.0,1084.2,23.5,,28.0,,,0.30,,,0.29,216.2,149.0,4.7,3.2,,,,,,,1.295,6.4,0.5,2.5,99.8,1,46.1,140.1,21.2,18.4,0.00,,,,,,,,,,,
