SRC_ID,Segment,8_name,12_code,Ph2SedReg,StreamType,Bedform,length,slope,DASqKm,ave_rhp,stdev_rhp,Ave_Rh,cumulative_volume,cumulative_height,valley_confinement,el_edap_scaled,el_min_scaled,el_edep_scaled,height_scaled,vol_scaled,min_rhp,slope_start_min,slope_min_stop,rh_edap,rh_min,rh_edep,w_min,w_edap_scaled,w_edep_scaled,edz_count,min_loc_ratio,rhp_pre,rhp_post,rhp_post_stdev,regression_valley_confinement,rh_pre,rh_post,wtod_bf,q500_w,q100_w,w_bf,ssp_bf,w_0.5timesbf,w_0.5timesbf_to_w_bf,ssp_0.5times_bf,w_2timesbf,w_2timesbf_to_w_bf,ssp_2times_bf,w_3timesbf,w_3timesbf_to_w_bf,ssp_3times_bf,w_4timesbf,w_4timesbf_to_w_bf,ssp_4times_bf,w_5timesbf,w_5timesbf_to_w_bf,ssp_5times_bf,w_6timesbf,w_6timesbf_to_w_bf,ssp_6times_bf,w_edap_to_w_bf,w_edep_to_w_bf
2,118_M15T1.03B,blackconnecticut,504,CEFD,C4,Riffle Pool,1237.4,0.006650246,73.6,0.518455379183761,0.1072640123222421,1.3254138853287525,0.0346789332500504,0.8697392118840943,1.1300019553490297,2.684684684684686,2.8288288288288297,3.0150150150150163,0.3303303303303302,0.0229573920342562,0.3852342955965141,-0.951169547458988,0.7363893270650204,1.2568233239642956,1.3082944626403925,1.3692552874514932,74.04557944076288,3.958698483363748,4.473337026838275,2,0.4363636363636355,0.5571253897934956,0.4934090147697956,0.1079891942396246,2.266027793563052,0.6455601283428763,1.938563643691925,37.48926264367905,70.89623403911426,64.4407628899305,31.286568611604977,24.122434067744056,19.34620979473089,0.6183551170119336,9.353439002812731,57.01026345563277,1.8221961047683009,66.02539800210305,79.01163730402456,2.525417161750271,127.04000153167958,106.5702278972038,3.406261300821408,186.66272818232716,134.35833198642314,4.294441287389574,262.42756033482766,154.30135768546953,4.931872190938679,373.7887920875909,2.245725060701555,2.537673709769076
4,118_M15T1.05-,blackconnecticut,504,CEFD,E5,Dune Ripple,1940.0,0.000785546,61.7,0.5981226043994811,0.2458118756142506,1.181101402348201,0.3171669563023773,1.299395453816541,10.731651054411696,0.4324324324324295,0.6006006006005978,1.867867867867865,1.4354354354354355,0.3877033861932029,-0.0137069624984303,-3.868714136890871,0.5133838665068453,0.2726455084990949,0.2554355968710071,0.5244575690372949,27.36262886597938,1.0082709933324208,10.8204124687286,2,0.1171548117154811,0.7810367649653756,0.7068930937772443,0.1371680095005281,5.162933871624808,0.1470169717588993,1.5636406202707456,71.096929313321,290.7064432989691,260.2670103092784,56.30644329896907,0.525577138735022,18.0,0.319679222223748,0.4195589063442732,191.52912371134025,3.4015489611798477,1.267508627324011,298.959793814433,5.309513020153889,3.281788854089444,384.0252577319588,6.820271983668164,6.274916784226412,416.1775773195876,7.391295790249417,11.271596793445203,437.4525773195877,7.769138870961098,17.46831844833159,0.2936755329131364,3.151623342442177
5,118_M15T1.06A,blackconnecticut,504,CEFD,E5,Dune Ripple,862.2,0.000706964,54.0,0.3801903541952463,0.3977519843568688,0.8122439514170499,0.6427561788191711,1.36128788692356,6.391091189242191,1.2312312312312308,1.7837837837837835,3.0330330330330324,1.8018018018018016,0.850752623482839,-0.5755071487777124,-2.576301869951118,1.139518134786072,0.7026976252922649,0.7387385545306163,0.7256196493632484,20.05393180236604,0.8039099133344931,5.137861564056532,1,0.3066666666666667,0.7450348603334743,0.442769897333166,0.369403356331593,22.15156507413509,0.3635378756337509,1.0581245312970142,15.329197521262955,257.3173277661795,221.50545117142192,11.616214335421017,1.0669872674706178,9.589422407794014,0.8255204433128651,0.3514279829571044,26.31176061238692,2.2650891118765912,1.4759613266123106,78.17211783808861,6.729569167789927,1.503180638141553,165.40767803293895,14.239378962607958,1.980556055632819,279.33948039897933,24.0473765663222,3.1938500510817183,312.4501275806077,26.897758474364736,6.500248707236762,1.0691927512355848,6.833308372023365
18,118_M26T2.05-,blackconnecticut,503,CEFD,C3,Riffle Pool,1645.8,0.010185186,33.9,0.513778399862485,0.1111423951976644,1.0400235481676778,0.1332576301617541,1.8903349336109825,2.9695202576707915,1.375375375375376,4.048048048048049,4.228228228228229,2.8528528528528527,0.2055073697853676,0.3707478613655267,-0.0746750007808627,1.1076791782494573,0.5883686080758345,1.3324896974214038,1.3760433123492517,50.49246567019079,1.429029005083866,4.243530579395676,2,0.9368421052631576,0.6589952198567407,0.5392260785921787,0.0441942738591484,2.764062533507752,0.3204525285631429,1.6873894152350646,21.941034298736227,39.157552558026495,33.683618908737394,14.166666666666668,40.67107334116389,10.789889415481833,0.7616392528575411,14.129523164690085,24.57285210839713,1.7345542664750917,92.95912495992124,36.74049094665209,2.5934464197636764,154.10183185677278,49.86237695953336,3.5196971971435307,228.4527522813431,61.70099647587799,4.355364457120799,328.295622679756,71.60499453153481,5.054470202225986,455.22212173897,1.2650382792562886,3.756556796980549
19,118_M26T2.06A,blackconnecticut,503,CEFD,E4,Riffle Pool,1970.7,0.005412929,29.6,0.6015972090626255,0.1506278492925698,1.042501760634203,0.1160340148590885,0.8441697866014417,3.2439134017529403,0.6906906906906917,1.3273273273273285,2.054054054054055,1.363363363363363,0.1873989418642027,0.248567010627502,-0.6378410211982092,0.5587698202232249,0.3063748562363624,0.4559551881021062,0.6114744481916087,24.932511290404424,1.147938684967623,3.723813684557119,1,0.4669603524229075,0.7191263023565859,0.6636194990912408,0.0513776695370963,3.361945025693585,0.1711698846436052,1.3958224603523548,28.87287051220636,59.92287004617648,55.090323235398586,17.82386969097275,11.964548494591993,11.237123864616631,0.6304536590226474,5.211175166653021,42.65032729486984,2.3928769697228507,23.58397262466148,59.78332572182473,3.3541159556447595,52.09812730244993,70.6492616836657,3.9637442883375327,95.38025807038156,79.71355355964886,4.472292209363569,148.26868030738734,86.86938651240676,4.87376692146731,212.80842276687625,0.7600745896855561,2.4656161478128427
20,118_M26T2.06B,blackconnecticut,503,CEFD,C4,Riffle Pool,625.1,0.00487567,24.7,0.4779617265153499,0.1991534353407507,0.9096137389380192,0.1670643406924565,1.309967993296959,2.007209246901811,1.4354354354354368,2.2522522522522537,2.762762762762764,1.3273273273273272,0.2278508688795167,0.1564801685030052,-0.7211470367601451,1.1538352588162344,0.59494897476047,0.7510349815043729,0.8479688682305192,20.979843225083982,1.2336356386688363,2.47616486124371,2,0.6153846153846159,0.7101307709680201,0.4363630430350972,0.1648128465885251,3.531993615786419,0.3253350349052926,1.244439083387324,18.962631235679492,38.941769316909294,33.973764197728364,11.02543593025116,12.641538820162216,8.827387617981122,0.8006384213580963,4.50147678700227,18.009118541033434,1.6334155542658155,27.542963184488865,28.950567909134534,2.6257980266976206,41.360113132376135,39.12733962565989,3.5488247243180497,63.04085376256012,52.85714285714285,4.794109112013929,82.1808171742926,63.56582946728523,5.765380150899594,112.22678397932047,1.2176436448055716,2.444065583284968
23,118_M26T2.08B,blackconnecticut,503,CEFD,C4,Riffle Pool,683.0,0.011155734,14.5,0.551677149536462,0.1370090868945843,0.8091553984819865,0.1122329186166068,0.9895758782753188,2.2451532459174643,1.801801801801801,2.36036036036036,3.8258258258258255,2.0240240240240244,0.2295550331746774,0.2968851745946782,-0.7437714019257142,0.2834866408979156,0.5677519713551689,0.6710164793067499,0.9479189621430216,23.7298682284041,2.123203707264974,4.76691769510995,1,0.2759643916913946,0.6431533522313745,0.6295590600582808,0.033476399112597,2.5438219225851446,0.3099735204472003,1.2749229287900037,25.685826723426533,32.04172767203514,26.627379209370424,12.595900439238653,28.976956411184027,9.16398243045388,0.7275369057305591,10.76721397643088,19.88506588579795,1.5786934790189469,72.61751195267631,31.3103953147877,2.485760781122864,109.33770561195344,42.48535871156662,3.3729512960595143,163.4748991540043,49.428989751098094,3.924212484017203,256.6454478692873,55.14421669106881,4.3779495524816925,367.5598578061597,1.4449610600953156,3.244159014297338
38,118_M36A,blackconnecticut,502,CEFD,C4,Riffle Pool,1065.5,0.002860412,146.4,0.544039388693837,0.1918260273678961,1.631604880098826,0.3433412332429383,1.142560122039291,3.8045945629704745,0.7567567567567566,1.3753753753753752,1.843843843843844,1.0870870870870877,0.3266714931873965,0.0127442006453134,-0.7494096909875975,0.9896051047656722,0.587847483786507,0.7027698220495999,0.8092466072916193,53.4800563115908,0.9962868359881976,3.790467479359753,1,0.5690607734806626,0.7290988386824647,0.6004619931312933,0.0752130828496779,3.992206184406741,0.3119832053856256,2.119127381811258,31.641657897265528,133.16471140309713,125.17738151102768,33.35617081182544,10.092018057821566,20.215861098076022,0.6060606060606061,4.855558359616472,100.79352416705773,3.021735460454124,17.664558730721094,134.0581886438292,4.01899214991137,46.7899430264827,174.77381511027687,5.239624658844715,76.33032267316096,204.53402158610984,6.131819588644101,118.93117973738768,232.10370717972785,6.958343884527728,167.02167889280096,0.7213921949297993,2.744604822599251
47,118_M40T5.04B,blackconnecticut,501,CEFD,C4b,Riffle Pool,739.7,0.020189534,3.7,0.5471664179931157,0.2059247525292751,0.5434957404788049,0.073722831636764,0.6352725333242804,2.617493395949516,1.237237237237236,1.6396396396396384,3.279279279279279,2.042042042042043,0.2369772243620857,0.2609679720861015,-1.9094141285479715,0.4686107934531651,0.3224508611358935,0.369501342631112,0.5659191539150243,14.620792213059348,2.476859188092147,6.4831625675280735,1,0.1970588235294117,0.8367128030929603,0.5379980617974865,0.0478411785541084,2.1712095968010665,0.1884476355867772,0.7831412342532446,32.50519327802952,22.0217655806408,18.031634446397188,10.142625388671082,48.60087276723653,7.338785994322022,0.7235588137287571,22.26834285265315,17.826145734757333,1.7575474841719427,90.3515065647276,27.60037853183723,2.721226257914029,137.82344035976072,36.485061511423545,3.597200933022326,209.33210595715323,44.87968095173719,4.42485838053982,298.8015400490136,51.55671218061376,5.083172275908031,415.74580239440166,1.1352882372542483,2.971609463512163
49,118_M40T5.04D,blackconnecticut,501,CEFD,C4a,Riffle Pool,259.4,0.045828437,0.9,0.5617942718970327,0.2407825638672575,0.3770254903218428,0.0234939749459041,0.4154215430332327,2.0301020408163266,1.567567567567567,2.7987987987987983,3.549549549549549,1.9819819819819815,0.1166583298530171,0.2990688968408159,-0.837592241913433,1.3736512767380302,0.2589815911703305,0.3648792503812679,0.4292404683121694,18.37124132613724,4.592782515172728,9.323817157077697,2,0.6212121212121212,0.8492506801466077,0.4754942696749971,0.0343481022506303,1.4239819004524887,0.1564339934999628,0.5445569364637071,43.595851974780935,12.131842713955283,10.483808789514264,8.519660755589824,94.91039433050447,6.453353893600617,0.7574660633484163,41.80290510078513,13.594834232845027,1.5957013574660632,184.8255337356043,19.76869699306091,2.320361990950226,272.9882596204239,25.52814186584426,2.9963800904977376,396.0253539270606,31.414803392444103,3.687330316742081,534.8944404944592,37.65805705474172,4.420135746606335,681.0846100922382,1.330316742081448,2.7006787330316744
62,19_M01T02.01-,mettawee,203,CEFD,C4,Riffle Pool,1715.0,0.004442865,84.5,0.5291894760536461,0.127316492304788,1.3717646508148678,0.1542222233589542,1.1314475371479948,4.140538015338499,0.4504504504504507,0.9729729729729732,1.435435435435436,0.9849849849849852,0.1621023637139149,0.2308274318354104,-0.5879164120816764,0.664269192871504,0.2842242560479585,0.4258428629223824,0.5670030530134464,35.60845481049563,0.793261947421629,3.284531249420704,2,0.5304878048780486,0.7072634604449147,0.5534283823718298,0.0817321348765027,3.137200765294218,0.1542393496351505,1.6976491506617373,42.91098627204501,117.60204081632654,106.59008746355686,37.4862973760933,9.971536459740706,16.046938775510203,0.4280747872886496,5.747455629865282,89.00874635568513,2.374434195585559,29.0892317334792,128.31545189504374,3.422996157974148,64.56158891754497,153.17551020408163,4.086173373360917,119.86429657319442,184.3069970845481,4.916649815676087,173.9026300728017,218.93644314868808,5.840439266437493,228.03995349697752,0.3995551338487144,1.654373220924264
63,19_M01T02.02A,mettawee,203,CEFD,C4,Riffle Pool,590.1,0.004,41.8,0.4866722139763293,0.2783308818910968,0.9022237661032102,0.3908458701759909,1.3006796160654652,8.208564970370823,0.7387387387387412,2.0480480480480505,2.6126126126126152,1.873873873873874,0.5630870629385099,-0.9318890009450844,-1.5755678827924289,3.6539765792420136,0.3472915714502017,0.6399033025453031,0.6034608193989542,49.60176241315031,1.0068823551009063,8.265059229365775,1,0.6987179487179487,0.6737605759505003,0.6047287001767765,0.0689895645811375,7.585710939330055,0.18800803390679,1.2822176541472272,26.13465194693108,137.19454329774615,122.97661413319776,18.08591764107778,8.41296352126763,11.06337908829012,0.6117123448114313,3.538131714315408,48.14268768005422,2.661888029983603,16.226049491306217,135.52448737502118,7.493370812836731,22.053151992864997,191.62769022199623,10.59540876083392,42.87899410109463,229.72716488730725,12.701991098617944,75.2749525608363,261.6903914590747,14.469290231904427,114.846280204998,0.7668774888732725,6.294963691731085
70,19_M01T02.05-,mettawee,203,CEFD,C4,Riffle Pool,3448.9,0.013255568,17.2,0.5378818396440032,0.1016692775699865,0.8496050795242385,0.0569244839215422,1.1869424702137958,2.8571543843875,1.033033033033034,2.378378378378379,3.327327327327328,2.2942942942942937,0.1100318860806456,0.4064609142934525,-0.1343936643511074,0.1905327899661268,0.3697913581608639,0.6853217657749162,0.9060403143093612,25.67369306155586,1.3590840434652802,3.883112933537917,1,0.5863874345549736,0.6910017170059973,0.5523864528354048,0.034146022308713,2.615715721634246,0.2033479332460324,1.2798865682763352,23.768712656667905,32.06790570906666,27.66824204818928,12.259705993215228,39.09346310683768,8.628693206529618,0.703825459705552,15.408505763310544,21.65342572994288,1.7662271625376929,91.74497340632068,32.42439618429064,2.644793945485721,155.52964220344444,42.15286033227986,3.438325548394726,247.1046514920752,50.48754675403752,4.118169455448472,365.09548390764274,58.19942590391139,4.747212203630344,501.5909012961265,1.0258499379175785,2.931011647844853
71,19_M04-,mettawee,203,CEFD,C4,Plane Bed,4347.8,0.004977217,184.4,0.5070016776203574,0.1325719330860584,1.7224207326904608,0.2189154330319232,1.7442680249692089,3.196809275714377,0.8468468468468454,1.4174174174174163,2.384384384384384,1.5375375375375384,0.1929695958502772,0.2755872497870518,-0.3466974668916908,0.2045730394702523,0.6309482520220616,0.8766449291894529,1.2812381646270217,47.89617737706426,1.0746789676405386,3.435543692168425,1,0.37109375,0.6547622663288868,0.5287419171086973,0.1126576627281468,3.458148844333055,0.3385658717249424,2.374530943773613,29.03461775195486,114.24824048944294,101.90096140576844,33.03739822438934,27.90466005265769,21.216822300933806,0.642206209969368,10.802800398477643,74.39751138506831,2.25191798941799,57.744372233892,114.91501449008692,3.478331244778613,113.1632447738631,141.14356686140115,4.272236145920356,205.93831942858648,181.0169511017066,5.479152742968533,281.37920268549857,213.02578315469893,6.448019353940407,387.03154233724206,0.8712336396546924,2.7851677805625177
72,19_M05-,mettawee,203,CEFD,C4,Plane Bed,3179.8,0.004504936,177.1,0.4927642825519503,0.1703841596278819,1.5563435479370595,0.4954237366673522,2.9245293994803774,3.2817056380625647,0.9369369369369396,1.6756756756756783,2.378378378378381,1.4414414414414416,0.2656030057800149,0.2294127520455244,-0.3272167144130754,0.3439970587419512,0.6725402290132362,0.9347559245085616,1.179486377269946,54.297282847977854,1.0594732219919996,3.4768792459874565,2,0.5125000000000001,0.6395885436620873,0.5252381524386146,0.1547909516181676,4.887772772637768,0.3578586401256728,2.117099572891748,26.11698936433687,142.46524938675387,108.72193219699352,29.147273413422223,23.7925960986843,19.428580413862505,0.6665659644485205,8.681851934800559,71.72542298257751,2.460793569444069,43.96164976346483,122.12183156173344,4.189820084697758,81.01295588129318,188.7706774010944,6.476443773096323,124.10136671348452,225.1166740046544,7.723421357861516,210.12951177643637,258.3297691678722,8.862913710786827,310.81306178263435,0.9560812451109972,3.137577212526637
73,19_M05T03.01A,mettawee,202,CEFD,C4,Riffle Pool,356.6,0.017,48.9,0.5303286537773755,0.1336833955124904,1.201980097884337,0.1563795433993095,1.4139156285216896,1.5186180673921592,3.003003003003005,3.4714714714714736,4.312312312312314,1.309309309309309,0.1900573676323906,0.2001667564756023,-0.8754222023968581,0.4877352270496781,1.2759760414564194,1.40372560351958,1.6133281275536262,49.79528883903533,2.894617613234685,4.395818605649762,3,0.3577981651376147,0.5808238957856187,0.576622522923777,0.0624361455243588,2.055286851700276,0.6779923820828551,1.9507800031724,25.85115241228822,38.728266965788,35.10656197420078,18.843241727425685,102.07647011395716,13.597868760515984,0.7216310737406056,38.04858426671882,31.8592260235558,1.6907507999107076,249.59556366162792,42.6752664049355,2.2647518416548853,465.55336965300313,60.22434099831744,3.1960711362452563,616.3497950265274,74.24705552439708,3.940248530396608,880.4617690384094,83.80257992148064,4.447354713892403,1265.885347693859,2.2701093831386268,3.447429124190788
76,19_M05T03.02-,mettawee,202,CEFD,C4,Riffle Pool,963.4,0.008541601,45.0,0.5454381314756946,0.0938548904204212,1.1515120302652806,0.0518018045713906,1.2004001826086093,1.333508728202572,2.402402402402402,2.714714714714714,3.1591591591591595,0.7567567567567575,0.0489694719214521,0.4054018446377634,-0.4258528825814395,0.2992479715437144,0.9250842838978474,1.022185790768727,1.158334321796562,63.723271745899936,3.9487536307974698,5.265697432190022,3,0.4126984126984128,0.541299627909407,0.5782796178760637,0.078400435259576,2.4105111070977063,0.491154352225174,1.73956775232782,36.25302005211437,62.34326344197633,54.06061864230849,25.86308905958065,27.72253894591872,15.625389246418932,0.6041578873437281,10.709670748379615,48.30496159435333,1.8677181787169144,71.71963124731337,71.30734897238946,2.757108743202296,130.723537870653,89.38343367241022,3.456023117211487,221.64351760748855,107.28565497197428,4.148215038227681,321.6851970323438,121.94623209466474,4.715068328216242,451.3541440531084,2.1738004936487867,2.8987819316517167
77,19_M05T03.02S01.01A,mettawee,202,CEFD,C4,Riffle Pool,663.5,0.013,13.5,0.5898353672247771,0.093292798401084,0.8607018790216407,0.0099669895858058,0.5334083531568725,1.535738283218545,1.3273273273273267,1.783783783783783,2.234234234234233,0.9069069069069065,0.0197598288394567,0.449475123953224,-0.2318167411189985,0.2349076310005854,0.4294528948176785,0.5344503277160422,0.6352937249218416,22.685003767897516,2.161397221232052,3.319340457888245,2,0.5033112582781459,0.676870518779702,0.5860401255327078,0.0500858648301224,2.1432976142337243,0.2361353876585919,1.1599239739126324,31.13005164026771,31.95403165033911,27.96684250188395,14.90881688018086,35.34524335946696,10.677467972871138,0.7161847957945815,13.049531407608574,25.045214770158253,1.6798928427011728,84.35797899364958,34.66314996232102,2.3250101091791344,153.33364814930675,41.522230595327805,2.78507885159725,253.13130265090567,47.30369253956293,3.172866963202588,376.316474149662,53.82592313489073,3.610341690254751,497.19551678841566,1.203598867771937,1.8484128588758597
78,19_M05T03.02S01.01B,mettawee,202,CEFD,C4,Plane Bed,459.0,0.011,12.4,0.4622708648138978,0.1881870114035973,0.7575661422726926,0.0133262283380935,0.3262231901495947,1.6688628788466011,0.618618618618619,0.9669669669669672,1.1411411411411412,0.5225225225225222,0.0264686133526191,0.3990017492849393,-0.6245351548642315,1.2490703097284643,0.2320888728208788,0.3057584514987095,0.3386629877816997,20.03050108932462,1.758437533621698,2.934591124631824,2,0.6666666666666669,0.8049734814299487,0.4200288621569966,0.1486913503285978,1.8817749603803489,0.1320403774250783,0.8879109426668297,44.55237661057437,38.80392156862745,35.38344226579521,20.62091503267974,23.097034495777024,12.246187363834425,0.5938721605916535,11.301750484382111,35.20152505446623,1.707078711040676,63.45634549554549,46.24074074074074,2.242419440042261,122.08978916842436,63.11111111111112,3.0605388272583203,167.35337117719405,88.10239651416121,4.272477548864236,196.8282646543653,113.3115468409586,5.494981510829371,246.1190028291233,0.6815108293713681,1.1373481246698365
79,19_M05T03.02S01.01C,mettawee,202,CEFD,C4,Plane Bed,600.1,0.011,12.0,0.5152638190430091,0.082254880158105,0.7105844224524499,0.0298164306658481,0.9653469474938652,2.9713310140445817,0.5405405405405416,0.7327327327327339,1.741741741741743,1.2012012012012012,0.0371851802122356,0.4130660582730655,-0.984972283909758,0.1876137683637634,0.1692938802020094,0.2085132233823657,0.4261647042454971,16.788035327445424,1.6421772242428436,4.879452116950405,2,0.16,0.6774335330813301,0.5077163184090036,0.053464061429154,2.243247221608891,0.0944671399159362,0.9064018056011998,49.45115929289791,50.78986835527412,43.74020996500583,22.641226462256288,17.25682343459005,12.247958673554407,0.5409582689335395,7.528551761689153,43.55357440426595,1.9236402443512184,48.80070173981556,65.60323279453424,2.8975123279605506,90.29925610380822,87.51374770871521,3.865238831235741,142.98151150100367,108.10864855857356,4.774858320453375,208.5959816610661,126.79220129978336,5.600058879811585,289.34387467412944,0.5712077721351292,1.6972473688084198
81,19_M05T03.02S01.02C,mettawee,202,CEFD,C4,Riffle Pool,386.5,0.016,6.5,0.5941021851017438,0.1806251130526358,0.7317119953615793,0.0350588931355084,0.6304327169835449,1.519109238639783,2.8528528528528527,3.723723723723724,4.534534534534535,1.681681681681682,0.0935197314126085,0.337483623379862,-0.4977925777203349,0.5346661019959157,0.7419676081063443,0.8878151199027506,1.0215990174491822,43.3764553686934,5.747180229092192,8.730594582141855,1,0.517857142857143,0.6944881518147473,0.570480516741133,0.0627605775001685,1.5194842406876792,0.418060396752885,1.1694129013323662,48.029574735691824,27.441138421733505,24.73479948253557,18.05950840879689,44.10404311664895,12.589909443725745,0.6971346704871061,19.926554547626264,26.939197930142303,1.4916905444126076,109.29642164096842,35.69728331177232,1.9766475644699144,183.4040705610319,46.60802069857697,2.5808022922636105,250.5771202709291,56.89003880983182,3.150143266475645,337.2672835256266,64.52781371280724,3.5730659025787967,459.2243920357144,1.9042979942693408,2.8928366762177653
86,19_M07A,mettawee,201,CEFD,C3,Riffle Pool,2481.0,0.004,105.8,0.41416518949606,0.120999386395572,1.2224426142240583,0.4768895202060002,3.820947261532754,14.626683848053016,0.5885885885885909,1.2012012012012037,4.636636636636639,4.048048048048048,0.505233796561242,0.2027493661957737,-0.5140572287930514,0.0916675477917679,0.3739805390160964,0.5707544458680727,1.80278615878979,40.35469568722289,0.8912515974269607,13.036055344636376,1,0.1513353115727003,0.6667555865987491,0.4208387839089518,0.1136855100333415,4.543747003408016,0.2049287884584145,2.1058655178169685,33.05279033879376,141.332325675131,119.75433293027004,31.10479645304313,12.05645314705738,16.837565497783153,0.541317334231771,5.463236232608643,83.62777106005643,2.688581202783429,25.91954061072828,145.72148327287383,4.68485571004652,48.25936221015682,214.68923821039905,6.902126446463049,77.77583304806144,295.9274486094317,9.513884749452512,110.98381583567172,385.1410721483273,12.38204766039056,146.52529847709525,0.5983335709009862,8.75163597724534
89,19_M08-,mettawee,201,CEFD,C4,Riffle Pool,2927.8,0.004788674,71.7,0.524502668312933,0.1810283610622631,1.233471232931217,0.2049081982785308,0.7426248878403229,4.276417958300353,0.4984984984984993,1.18918918918919,1.3933933933933942,0.8948948948948949,0.2469231823011537,-0.4422564000060329,-1.643947803313852,5.560411687679212,0.2719808616102059,0.5133369723255561,0.4376846189505795,39.89138602363549,0.9716836307798008,4.15532532845323,1,0.771812080536913,0.6529120696727146,0.5689689357430596,0.0517459306971099,4.213231912441801,0.1512250372790694,1.513888378607792,39.944445910185,139.23970216544845,124.1394562470114,33.04819318259444,12.017562001544883,17.045050891454334,0.5157634729765344,5.301990388102432,109.60499351048568,3.316519995659296,26.20992865050785,167.179110594986,5.058646010428024,58.55842298070533,211.02927112507683,6.385501015414666,107.37305805249092,250.55826900744583,7.581602649896392,165.835761593034,289.885579616094,8.771601461370318,231.0994252474666,0.5157634729765344,2.2056201780722104
92,19_M09-,mettawee,201,CEFD,C4,Riffle Pool,2014.3,0.009078529,56.8,0.5198470758631134,0.1114335311467374,1.137224222069293,0.1566929187913739,2.0810007266152555,7.417754079472683,0.5345345345345344,1.5435435435435434,3.2432432432432434,2.708708708708709,0.2039573885269704,0.3012249523259353,-0.2564229514173132,0.1522228121487936,0.2832216891187327,0.5734391398471214,1.165320346547348,57.51799632626719,1.1724119351072309,8.696663414464124,1,0.3725055432372505,0.6883979525697693,0.5806507978176079,0.0461985958934317,2.871304805947433,0.1579253020814942,1.756037106593164,44.023829554071206,97.40455741448642,84.84883085935562,33.923447351437225,29.42214499944413,17.611825448046467,0.519163788561728,13.651362533206472,79.55443578414338,2.345116490077855,69.71270911526798,125.42595442585514,3.697323362407072,137.69660763291307,168.8951496797895,4.978714218814026,231.06020108609223,203.8311075807973,6.008561142656442,358.8804831260601,232.85657548528025,6.864177837616343,519.0510084482618,0.5461716326172218,4.051366855938652
93,19_M10A,mettawee,201,CEFD,C4,Riffle Pool,345.6,0.011,35.3,0.4057492732992179,0.279619599605019,0.8076664511482403,0.4333382922022041,1.6990145124736862,5.134164070612669,0.9069069069069056,2.366366366366365,2.696696696696695,1.7897897897897896,0.5733611216379997,-1.004758430793676,-1.570871618852162,6.940396425110462,0.4144381113922826,0.7237493655596563,0.6236895113212599,42.31192129629629,1.090984689010555,5.601294391906528,2,0.8154362416107382,0.6955874079691095,0.4486808221369306,0.0819993392587573,5.444024425705147,0.2281320874612471,1.0887783203908106,22.67323093987224,81.25868055555556,71.07638888888889,14.926215277777777,42.25513064511241,10.102719907407408,0.6768440438111855,17.15048435697534,32.326388888888886,2.165745856353591,83.80188699560793,83.00202546296296,5.560821944363672,94.13031311635112,130.06944444444443,8.714161093341087,161.5179679392417,186.78819444444443,12.514102936900262,235.629801337848,231.0648148148148,15.480469128622662,352.1770458422329,0.9334108752544344,4.792284578850441
97,21_M04-,champlain,402,CEFD,C6,Dune Ripple,2947.0,0.00031027,148.7,0.8854090860675726,0.1642412693144084,2.61229480621893,0.0178884652893747,0.3933987819682249,1.6035118562065764,0.498498498498499,0.612612612612613,0.7387387387387392,0.2402402402402402,0.0126761529388636,0.4158521684328529,-0.6979880810243605,0.6315130256887072,0.3027283179903666,0.351581685466988,0.4080407603645107,153.93230403800476,4.959929889846123,7.953306384321636,2,0.475,0.5674619917620374,0.9355421359926674,0.0942035025143143,1.2872374399840931,0.1611576208882618,2.9476297021477222,236.5564616289181,320.73243976925687,315.5558194774347,249.1633864947404,0.3088599716974423,120.63454360366474,0.4841583881996691,0.1045326019831514,314.51543942992873,1.2622859395779156,1.562506593376516,329.02884289107567,1.3205344794830889,3.707910232285196,340.58873430607395,1.3669293032877583,6.491595968120696,351.0268069222939,1.4088217850165703,9.7686196662787,359.55344418052255,1.443042853280983,13.55281704570056,0.4841583881996691,0.7763537157600358
98,21_M05-,champlain,401,CEFD,E5,Dune Ripple,2864.7,0.000531971,116.6,0.5652879715155266,0.1949535567807104,1.543285433884309,0.2915902851628902,1.1533200369324588,9.35298553087426,0.3543543543543521,0.8348348348348327,1.5375375375375353,1.1831831831831832,0.2991404907019114,-0.1769275081292281,-1.445335150165126,0.9882633505402574,0.26998921187758,0.3706476083212586,0.5485365863473995,46.77749851642406,0.7853353116020041,7.345229806298173,1,0.4060913705583757,0.770017209104216,0.633376258289006,0.0602393137836362,3.934458005006477,0.1515995413391556,1.9566519569673075,73.31310902523,282.01137990016406,263.43456557405665,71.67731350577722,0.3375405158346652,22.563095612105982,0.3147871273145217,0.2675342585561079,213.622543372779,2.9803369144905374,1.2003374178321555,280.7850734806437,3.9173492943204726,3.3167967836730674,333.8993611896534,4.65836880399739,6.085005201055491,387.60952281216186,5.4077015983714345,9.258295807144886,443.6722868014103,6.189856526439849,12.595236076985406,0.2389764968295557,2.2351437170658537
99,21_M06-,champlain,401,CEFD,C3,Riffle Pool,508.1,0.00239952,111.9,0.5592502460165454,0.1316732509530519,1.5665081175906272,0.1689298156634068,1.3802795399837997,4.054813835646618,0.5345345345345346,1.4954954954954955,1.9699699699699704,1.4354354354354355,0.1756802419223555,0.1408104182885431,-0.3887179532399547,0.7872768673214267,0.3676924222601596,0.7251567354101744,0.8839285136085161,61.81361936626648,1.0429759251684427,4.229073211619333,1,0.6694560669456064,0.709524967333543,0.6040149537375793,0.0521975222781311,3.284707008133766,0.2026046031514015,2.078781126840979,40.76189777195991,128.3595748868333,118.47175752804566,39.0779374138949,6.166616030970234,21.363904743160795,0.5466999068268238,2.852274285314157,92.191497736666,2.359170003273652,13.735011740976208,127.7179689037591,3.268288383571303,31.734374321837848,153.0387718952962,3.916244869179824,57.044067159046456,177.00649478449122,4.529576187957996,86.29302478693242,203.999212753395,5.220316788799074,115.88603348409502,0.5715041172471104,2.31734280174259
100,21_M07A,champlain,401,CEFD,C3,Riffle Pool,717.5,0.007,102.6,0.5882571200065138,0.0994889075692073,1.593204116230423,0.0850841157097873,0.9371576149268666,2.0596761441831863,0.9669669669669642,1.381381381381379,1.969969969969967,1.0030030030030028,0.0910621886921682,0.3083496880084714,-0.4949533551736298,0.3484875663977598,0.5793316714153446,0.733845802483469,0.961952174941017,33.431358885017424,1.1554646743002446,2.3798830251026093,1,0.4131736526946108,0.6401514928023433,0.6203671042661348,0.0393424260428982,2.773067402623268,0.3129462293050894,2.106593270830306,26.13507326485384,67.9198606271777,60.52543554006969,24.492682926829268,34.594832508533784,16.138675958188152,0.6589182576037784,12.80009270222265,49.81045296167248,2.0336870856687628,78.55819913547748,67.81324041811847,2.7687142572623555,163.7013741082174,81.08083623693379,3.310410561356588,284.2489868399723,92.45923344947737,3.7749736819643216,431.60416815124944,102.6822299651568,4.192363501863602,598.7440533525522,0.971661877258372,2.00130878880132
102,21_M08B,champlain,401,CEFD,C6,Riffle Pool,570.6,0.002,93.4,0.6272001385765728,0.2526787617640561,1.4736818819832744,0.3635434433955672,1.3164566809308862,8.452561739771472,0.4864864864864872,1.4594594594594603,1.9399399399399408,1.4534534534534536,0.4013755112017957,-0.1580704516962889,-0.7467344186116573,1.5121371976886064,0.318863470106054,0.4997334234816004,0.6048065219318106,53.76358219418156,0.601924195005,5.0878014209420055,1,0.6694214876033059,0.7158168170849349,0.7609775131201412,0.072882433373768,5.574088734381992,0.1772914927211731,1.984145721157209,28.192262220366725,141.906764808973,137.01629863301787,25.458289519803717,3.4804551321454884,12.06975113915177,0.474099060338003,1.921608028309988,103.6391517700666,4.070939317798506,5.953302060557621,140.4267437784788,5.515953602037656,19.13316955064312,156.05240098142306,6.1297284273569,40.38333639663626,169.338415702769,6.651602244174439,66.3732721809059,181.19085173501577,7.11716518087633,96.56661911811476,0.4669053109833752,3.9465459677141776
105,21_M11B,champlain,401,CEFD,E5,Dune Ripple,1832.7,0.002,64.3,0.7319542218686592,0.1646624383568161,1.5590859555547545,0.0433719544544757,0.5384461122453523,1.5045634901638427,0.8228228228228224,0.9489489489489484,1.1291291291291288,0.3063063063063064,0.0273330870693546,0.3505866295427819,-1.4799462582841614,1.035962380798913,0.3585695487547634,0.3899729773769349,0.4472500802921517,241.15621760244449,11.939696435286567,17.96403134017155,2,0.4117647058823529,0.5303535912834716,0.7862081191590662,0.1219922751445006,1.5105483295609816,0.1776135007088816,1.8654557716097184,325.78737297985174,395.1023080700605,352.3762754406067,261.5621760244448,2.742973384814006,128.65389861952312,0.4918673662032063,0.8423120858694119,501.3916625743439,1.9169119564423769,9.378964636900491,604.2303704916244,2.310083130808465,23.55026517561136,663.651988868882,2.537262837295172,43.27623766233725,692.9194630872483,2.6491577399267783,70.0302737729671,716.5564467725214,2.7395262482659355,101.67415792335716,0.7626015666558885,1.147382474732198
106,21_M12A,champlain,401,CEFD,E5,Dune Ripple,1179.2,0.002,31.8,0.5949962202619038,0.1649743465051452,1.0943244165021853,0.0629613916119991,0.8910983201888377,2.5456357157556133,0.6366366366366346,0.960960960960959,1.6396396396396375,1.0030030030030028,0.0883295039070517,0.2735345484060099,-1.1012817194321038,0.5262762199056074,0.3314909488008624,0.411833973910597,0.5917791893590607,56.95853120759837,3.212421189803916,8.177654114814988,3,0.3233532934131737,0.8207953029835993,0.6041374439750757,0.113249889979166,2.2935539639417137,0.1920014705354381,1.3725246150321533,94.48701219185472,137.81843622795114,121.48575305291725,60.08946743554952,2.919770822738014,32.910023744911804,0.5476837314328052,1.550020670963369,117.88543080054274,1.961831845605617,7.279743861373755,173.0410447761194,2.8797233884909854,13.378695306098646,214.76382293080053,3.574067671029884,22.623485463645626,254.5458785617368,4.236114737324913,33.5988066001506,279.67647557666214,4.654334403556434,48.80965040341557,0.6515118371379176,1.6585118018558374
110,21_T2.01B,champlain,402,CEFD,C4,Dune Ripple,533.1,0.002,22.9,0.524529278825785,0.2708427746199374,0.7376341934214998,0.3739330039095572,1.7387202727582745,25.48116047805857,0.5165165165165172,1.015015015015016,3.5735735735735745,3.057057057057057,0.6574574107051887,-0.0832988753493156,-2.057316509370577,0.400838662623845,0.241676358337809,0.3120840233449412,0.7297936566294482,21.4753329581692,0.9772470532008052,24.90138898931956,1,0.1630648330058939,0.8057075289878207,0.7665360419218333,0.0729713299772052,8.759150151758616,0.1310804694238759,1.2411146272598992,37.05671029544057,184.0555242918777,158.2742449821797,21.01294316263365,1.7661909370266708,10.016882386043894,0.4767005891805035,1.1425698430769644,91.2718064153067,4.3435993572576335,2.671194243680617,192.34102419808664,9.15345474022496,5.442968844341621,293.8182329769274,13.9827262988752,10.147640005593184,325.01406865503657,15.467327262988752,20.33213212356281,350.0543987994748,16.65898946616676,32.99759950921423,0.4892429923227995,12.466479200142832
118,23_T2.04B,hudsonhoosic,202,DEP,D3b,Plane Bed,781.2,0.021,54.3,0.5329320263565491,0.0778196200738131,1.290360478949299,0.0001533381999219,0.0545514602612744,1.0386605783866056,1.321321321321322,1.351351351351352,1.3933933933933944,0.0720720720720724,0.0002025867271607,0.4956066869879327,-0.1932844909826665,0.1380603507019031,0.6502699769659579,0.6597295589995348,0.6787779880696957,23.58678955453149,1.4932917686472684,1.5510232921231293,1,0.4166666666666639,0.6511560867730528,0.4995808160758712,0.0338808864113248,1.911452184179457,0.3427976762466159,1.5719868015220313,25.8619018005926,37.30414746543779,33.15988223246288,19.516129032258064,138.27437985059848,13.757040450588836,0.7049062049062049,47.59140093529832,30.970302099334354,1.586908041453496,376.2696432758882,42.299027137736815,2.167388167388167,679.727686386857,53.888888888888886,2.761248852157943,1034.5754979700205,66.27112135176651,3.3957103502558046,1417.708290173045,78.34805427547363,4.014528400892037,1857.8749277358356,1.1850649350649352,1.230880230880231
121,23_T2S1S1.01A,hudsonhoosic,202,CEFD,C4,Plane Bed,114.0,0.005,35.9,0.6770670592781223,0.2002807822347002,1.3634478610220664,0.0168947425018095,0.3488392350538906,1.81685527099464,0.3843843843843836,0.5405405405405398,0.726726726726726,0.3423423423423424,0.0147256351383914,0.4369686182262328,-0.6115624706954211,0.5129233625187402,0.1898014305030494,0.2341785687675016,0.2873011876249598,40.04824561403509,2.289247209970526,4.159230860044723,2,0.4561403508771929,0.7383647568341758,0.6868866355717529,0.2010454999665775,1.6664112388250318,0.1064616979562593,1.5281097931921364,103.752312716479,114.4561403508772,102.57894736842104,68.6842105263158,10.477628752556775,36.97368421052632,0.5383141762452107,4.0692920552072485,115.390350877193,1.6800127713920816,32.594943852641705,131.51754385964912,1.9148148148148147,80.46856419747728,135.8684210526316,1.9781609195402297,152.0889822436193,155.83333333333334,2.268837803320562,203.0787219126184,176.24561403508773,2.56602809706258,256.4644506041976,0.4288633461047254,0.7791826309067688
126,23_T2S1S1.03-,hudsonhoosic,202,CEFD,C4,Riffle Pool,1592.2,0.010528331,35.4,0.5411973634316106,0.0796422848791847,1.0710134821817234,0.0363537444552774,1.156096512102028,2.1187150235214567,1.4114114114114122,2.426426426426428,3.1711711711711708,1.7597597597597583,0.05533608651121,0.4495088780847404,-0.0757184727564723,0.103196950772934,0.5604442527368282,0.8684142531808511,1.0998398036287622,35.80957166185153,1.7071497776439424,3.616963881295535,1,0.5767918088737203,0.6036465130617588,0.5552286494751214,0.0360116457305743,2.596253181614014,0.3063121416176249,1.603893951055824,25.617648157114544,43.56330862956915,37.917033036050746,16.77929908302977,35.69555846423004,10.678306745383743,0.6363976643210061,14.254733765239871,29.828225097349577,1.7776800419224434,91.52479048058429,43.78375832181887,2.609391375954484,163.19046239095894,56.80002512247205,3.3851250187153767,259.4724122311999,67.52920487375958,4.02455457403803,385.5585631961693,77.31126742871498,4.6075385536757,534.3049161876496,1.3009245396017368,2.756288366521934
144,26_M16A,otter,201,DEP,D3,Braided,223.1,0.019,128.6,0.6226315377020004,0.1182830920372903,1.882919258997952,0.0924095693049101,0.997812857157126,1.2147157190635454,2.630630630630632,2.882882882882884,3.18918918918919,0.5585585585585582,0.0682086905234818,0.3179069937168611,-0.7169334176197815,0.5904157556868789,1.659081398232764,1.7461993172987942,1.8647694794976133,44.16181084715375,1.7642173341874472,2.143022527681876,2,0.4516129032258064,0.6244735156653085,0.6695432762287459,0.0731418084502533,1.724382628441669,0.8939325794273646,2.833133078430329,23.59560365063027,40.84491259524877,36.30658897355446,23.68668758404303,210.42986163666603,18.444643657552668,0.7786924023086385,67.0213090692329,32.68937696100404,1.3800738007380071,603.5464098185427,45.87852980726132,1.936890907370612,968.1140052360744,54.75571492604214,2.3116661935850127,1591.9390972878089,59.58538771851188,2.5155643864130948,2453.5476529227885,65.2017032720753,2.752672911344498,3332.4239661531974,1.6974169741697416,2.061879080329265
150,27_M03-,champlain,502,CEFD,C5,Dune Ripple,1667.5,0.000365564,207.5,0.6644321874251781,0.2744844401307631,2.272648929431793,0.3619965183238897,1.027323882815477,7.7180030315985855,0.3183183183183182,0.4984984984984984,0.912912912912913,0.5945945945945947,0.2338797935803391,-0.2774084038788839,-3.6575358705606704,1.5902329872002907,0.3378329888664008,0.2873681873085447,0.3878508884955639,32.99310344827586,0.5464269630664359,4.21732495749396,2,0.3030303030303029,0.8502981529086051,0.7179963857907007,0.196505903013137,2.077172855914668,0.1755117540918613,2.631087808406611,112.98433273722723,276.0185907046477,268.5376311844078,132.88185907046477,0.2507898152604731,32.99310344827586,0.2482889965497866,0.1225732949085198,256.7433283358321,1.932117221506405,1.4421364988260388,276.8437781109445,2.083382788647918,3.9066001195383793,299.3637181409296,2.252856185449532,6.970104021471328,336.0569715142429,2.528990592583733,9.804063584118,371.2767616191904,2.7940364788417758,12.926567312293288,0.1161158134402621,0.8961822001484787
151,27_M04-,champlain,502,CEFD,E5,Dune Ripple,1628.8,0.000748503,206.1,0.7116325482258092,0.2529384774253889,2.259256911416512,0.3090380954668748,1.1522688209377678,7.340677089050226,0.4324324324324335,0.6966966966966979,1.4114114114114125,0.9789789789789788,0.2625618203567715,-0.441231892664593,-3.0260615112418736,1.1188798865096004,0.4196757408630076,0.5091442519073063,0.6672349902898411,31.193209724950886,0.6953946048106346,5.104667243382562,1,0.2699386503067484,0.7939683821463126,0.8062457267702244,0.0652135050513235,2.3973048310762,0.2261812706228725,2.8294867836644477,74.2317738006401,208.82735756385068,203.3276031434185,87.10922151277013,0.7903469701470709,22.3633963654224,0.2567282312601536,0.7343557281504537,185.02179518664047,2.124020763513728,3.5908149905677997,208.65422396856584,2.395317284955615,10.060468143000588,221.1269032416503,2.538501658050443,19.268906025824712,231.85934430255404,2.661708373419038,30.32453745863481,244.41091601178783,2.8057984191255505,42.248605987540806,0.2247371963618038,1.6497231883904755
155,27_M08-,champlain,502,CEFD,C4,Riffle Pool,1976.2,0.001542258,191.6,0.5962636577469891,0.2168478178616711,1.8424688120818176,0.3587008839875779,1.711319045704207,3.153573446052554,0.6486486486486482,1.141141141141141,1.7537537537537533,1.105105105105105,0.177017966533928,0.1436973382572074,-0.6296887168739137,0.5062203410162838,0.5319554192404186,0.720050608844864,0.9559391052851408,45.95916405222143,0.953422882664986,3.00668908563118,2,0.4456521739130435,0.7110656187812502,0.645467890648892,0.1966920012289555,4.129365489292384,0.2974414123508311,2.365642908867987,33.15587903095498,157.77552879263231,149.36646088452585,38.20817730998887,4.618548962819643,22.198917113652463,0.5809991126650509,2.1459075335295483,91.58435381034307,2.396983061173136,10.258073660278322,148.31798400971562,3.881838769915372,18.942094275284592,182.00207468879668,4.763432529434357,35.18054792141345,199.00414937759336,5.208417762591548,59.87125699075834,212.9571905677563,5.573602447455203,89.33379733810638,0.6798972280715695,2.1441058444912398
163,27_M12A,champlain,502,CEFD,E4,Dune Ripple,1107.0,0.003,152.8,0.5123180312577457,0.2764992798772291,1.58229632065178,0.6866833038982076,1.927159750632957,3.998948710492764,1.3813813813813802,1.987987987987987,3.189189189189188,1.807807807807808,0.6441559594998355,-0.2423944964945689,-1.148053557904753,0.5797670467419002,1.0847294209115828,1.154398793460485,1.3516406461647237,32.34598012646793,0.8201812088296143,3.279862587419583,1,0.335548172757475,0.7336425458104837,0.6406408011683786,0.0584049676961171,5.405789380216658,0.5699190417352188,2.340383082618051,16.650920932642983,96.24209575429089,90.10975609756098,17.803523035230352,16.957142783402293,15.302619692863596,0.8595276149884568,5.474791177037913,32.7646793134598,1.8403480731664004,29.161381656732875,73.8319783197832,4.1470431539691,34.44815375519986,96.24209575429089,5.405789380216658,68.09975403786301,109.55013550135502,6.153284115990562,117.6460436252004,126.0885275519422,7.082223406144557,166.16480038724177,1.1342060532257654,4.535631833980262
167,27_M15A,champlain,501,CEFD,E4,Riffle Pool,1878.1,0.001,98.2,0.5897808805027653,0.2547951399834838,1.4380566595988942,0.4238456619382894,1.2112656689978174,5.017191809810131,0.822822822822822,1.5495495495495488,2.138138138138137,1.315315315315315,0.4602546780167929,-0.1278845778443498,-0.9382080444425572,1.1583997283423408,0.5398861344384603,0.6499141255204036,0.7140616898009651,43.60497311112295,0.9032504854314624,4.531780937713759,1,0.5525114155251141,0.7087950009419473,0.7141813194137062,0.0514923243523866,6.497494293936687,0.2962602598992235,1.955089217423999,23.235968162579443,139.4499760396145,129.65923007294606,21.4621159682658,1.930113561110744,14.183483307598106,0.6608613674704773,0.8248476202242614,82.13566902720835,3.827007045747742,2.225905078584844,118.0610723603642,5.5009055274387215,6.5183169164485175,143.27565092380598,6.675746750024809,12.65705154998992,156.89979234332571,7.310546293539744,21.608161204462764,169.7971354028007,7.911481591743573,31.679536707017952,0.849967748337799,4.264451225563164
169,27_M16-,champlain,501,CEFD,C4,Riffle Pool,1999.1,0.000609849,68.9,0.549610228542743,0.2415269500204966,1.1901614160906286,0.4352506783920008,1.7805965346927848,7.079904404018805,0.7267267267267266,2.336336336336336,2.9009009009009006,2.174174174174174,0.5314571638290575,0.0935854701916386,-0.3083028069361223,0.8789909814774544,0.4263867193518553,0.7540540693999201,0.8794831900581993,73.73968285728579,0.9231587362083584,6.53587560208999,1,0.740331491712707,0.7148843806222243,0.7171457868923465,0.0549968185459205,7.120771787518449,0.2376696958528963,1.774956892595325,25.37525093664736,148.4262918313241,141.15051773297984,20.844129858436297,0.7097117643183769,12.89030063528588,0.6184139478515461,0.3194031741804992,53.20219098594368,2.5523824379942166,1.2285744016400757,117.66319843929767,5.644908146246055,1.8470907371132927,144.6986143764694,6.941935948355511,4.120981331651083,160.48947026161773,7.699504433698508,7.356496251823966,176.0052023410535,8.443873816580473,11.03238895868036,0.7631601051128524,5.403100589159937
170,27_M17A,champlain,501,CEFD,E4,Riffle Pool,1050.3,0.001,59.8,0.5517262400966172,0.3939041688872053,1.136585449007402,0.570713403718951,1.0372579125082293,3.842927022086072,1.675675675675676,2.2702702702702706,2.8468468468468475,1.1711711711711714,0.7293694329753777,-0.9477142576971735,-3.115682350793678,3.213047424255979,0.8238310782520845,0.7678128215135205,0.7049952805454329,34.95429877177949,1.1915512334126976,4.579044433081644,2,0.5076923076923076,0.6272427904622403,0.7621214969675354,0.0434424046965214,7.0829848041265855,0.4474050925759571,1.6367919005694762,17.53133102860851,96.74616776159192,92.66209654384464,13.658954584404457,1.5976145573014346,10.051413881748072,0.7358845671267251,0.5782845484393905,22.973912215557466,1.681967098842883,3.8040202425326144,78.70227554032182,5.76195455179144,2.9062794764622097,92.37408359516328,6.762895580649658,7.611990463035707,101.94039798152907,7.463265021608811,13.877694994970398,109.63391411977533,8.026523072633486,21.55428188328269,1.4107765230726337,5.421511222640458
171,27_M17B,champlain,501,CEFD,E4,Riffle Pool,2606.5,0.002,59.3,0.5716989945498696,0.2940585067003479,1.149720064392971,0.4806735304808816,1.5164653956732783,6.509649956606191,0.8708708708708702,1.9339339339339328,2.8168168168168166,1.9459459459459465,0.6168058371998142,-0.066042203047808,-0.6832632334395002,0.8227047096516428,0.4890683868320657,0.6811717148791469,0.7603021625561781,37.39324765010551,0.8643023975220382,5.626306064523964,1,0.5462962962962962,0.7156562759106678,0.7699156744189503,0.0601994972364453,7.176445174112158,0.2651233033666926,1.695825166765882,19.881644441083974,111.52330711682332,106.34855169767889,15.540187991559565,4.400136144046394,10.797429503165164,0.6948068780782857,1.7647343885728843,40.68847112986764,2.618274061547197,6.515881312664561,97.4565509303664,6.271259458592043,9.407961852125274,114.85996547093804,7.391156756489859,23.01802356630505,124.6071360061385,8.018380219970128,42.009094403578665,133.48014578937273,8.589352063300046,64.39495293822048,0.8960634975497155,5.8330597079408975
174,27_M19A,champlain,501,CEFD,E4,Riffle Pool,855.8,0.002,47.6,0.4458488679121831,0.4792262128148807,1.0287439882313028,0.3635050840591716,1.9714805381903988,7.256546504071257,0.8108108108108113,2.3423423423423424,3.531531531531532,2.7207207207207205,0.5016513199744337,0.1525605228762739,-0.313072333378794,0.4031992172302648,0.4175319661315462,0.7379146738312345,1.0350797119908437,57.87742463192335,1.0467672133564083,7.595914962657856,1,0.5629139072847682,0.7027809048049941,0.5049940186650609,0.7074846380582871,6.40026322547509,0.2252953866805368,1.63894171849454,25.193080600887992,116.48808132741296,102.51986445431176,18.20051413881748,3.589131778769247,12.113227389577004,0.6655431432973805,1.4770648787266307,44.02196774947418,2.4187211093990757,6.684361787043303,84.39354989483525,4.636877247046739,10.690836672148688,124.00853003038094,6.813463020030817,18.114054838542515,135.84248656228092,7.463662044170519,34.23815462253943,184.4841084365506,10.136203133025166,37.68025949346331,0.839721366204417,6.093477144324602
182,27_T3.01A,champlain,502,CEFD,E5,Dune Ripple,975.0,0.001,47.3,0.6037026324532976,0.1505025551376247,1.2421286923387078,0.1415810565060119,0.9554503178939316,4.044863924698179,0.522522522522524,1.2972972972972987,1.8438438438438456,1.3213213213213215,0.1957967517023301,0.2515257827846706,-0.4435128347708839,0.6287159965433402,0.3086484907735167,0.4835701465863983,0.6356271390846724,26.15076923076923,0.688539871262285,2.7850500859851453,1,0.5863636363636361,0.7967585471862533,0.6595102534307489,0.0368775749496147,3.703331962155492,0.1652289893279441,1.6251746294264582,25.93869306019921,69.2523076923077,64.69948717948718,18.7,1.0569254251580855,9.787692307692309,0.5234060057589469,0.5919780873024736,43.756410256410255,2.3399149869738105,2.4274476448283275,57.224102564102566,3.060112436583025,5.728927653039545,66.61179487179487,3.562128068010421,10.41004468612642,74.78256410256411,3.9990675990676,15.963584914845049,83.00564102564103,4.43880433292198,22.020755209804246,0.5360756890168654,2.168353215412039
184,27_T3.01C,champlain,502,CEFD,C4,Riffle Pool,1329.8,0.014,45.4,0.5219644431741904,0.0834899683594917,1.1766163750958063,0.0152597644350611,0.8911590320682188,1.3404583593370778,1.765765765765766,2.168168168168169,2.4564564564564573,0.6906906906906913,0.0169418989593207,0.4601251601263351,-0.1389096033512689,0.1938946546778129,0.7430697791156875,0.8792578499522693,0.975673280887147,25.943750939990977,1.5173200192883705,2.0339043036445923,2,0.5826086956521741,0.5893534188996735,0.4974464402563375,0.0298592781049598,2.558591097955082,0.4099464785397811,1.6205395905900013,19.46717251155124,35.42449992480072,31.319371334035196,13.845315084975184,66.29785380904147,9.273198977289818,0.6697716101349699,26.28667098668044,24.07617686870206,1.7389403362029163,168.52887766960757,34.321326515265454,2.4789126361241616,303.7944419772819,43.68890058655437,3.155500638188089,481.3111767619353,53.36215972326666,3.854167232436249,674.9073508894131,63.47082268010227,4.584281563153463,885.096482017034,1.566520924422236,2.099856068218233
186,27_T4.01A,champlain,501,CEFD,C4,Dune Ripple,1345.6,0.005,23.9,0.5363035106012332,0.1108983238711011,0.8897991911228411,0.1016893322409599,0.9839531856003708,5.219322384968191,0.4924924924924937,1.0870870870870883,2.1981981981982,1.705705705705706,0.1762808198105249,0.2202508864381032,-0.8156003967934127,0.4364564285543128,0.1986919395708119,0.340959773769391,0.5867039257448021,26.20355231866825,1.1710714225535723,6.1121992901304045,1,0.3485915492957747,0.6963256840508846,0.5782294747186602,0.0364773099089439,3.383713110523764,0.1106933046413604,1.215882728768605,41.31133844263523,80.39461950059453,71.47406361474435,23.75928953626635,7.487708276420727,12.652348394768136,0.5325221688744312,3.4065984123819133,58.726961950059454,2.471747392127117,17.43548477891995,87.41565101070155,3.679219905850706,37.29502744554608,110.06131093935792,4.632348571339203,65.72073038158177,132.23654875148634,5.56567773416118,98.72560212788562,151.41869797859692,6.3730313883111,138.71452353305438,0.5285341173894684,2.758589950110258
195,192_M12A,lamoille,304,DEP,D,Braided,915.9,0.01456,26.5,0.4074850865783164,0.1793643878797933,0.8359866370083331,0.4556001163023123,2.911097855719197,3.255645845370837,2.678678678678679,4.132132132132132,5.993993993993994,3.315315315315315,0.5429767028822261,-0.2018608357140375,-0.8089745666978398,0.6315220810996037,0.7929157320717698,1.049979677166629,1.4578705613662533,82.55868544600939,3.9539133304434166,12.872541507214478,2,0.4384057971014491,0.4957237622463674,0.3904245597489499,0.0,2.7647374781791325,0.4749106066653482,1.4578705613662533,27.324638644637908,44.95905666557485,36.40899661535102,16.261600611420462,58.81210445384528,11.919423517851294,0.7329797233785417,21.28543897204387,30.44546347854569,1.8722304283604132,124.34899393129731,50.17305382683699,3.0853699476299177,198.44081670563796,74.05284419696474,4.5538471867866255,283.91811159234567,109.01244677366525,6.703672619846918,356.1796795824072,144.5703679440987,8.890291392507049,461.51246044312353,2.730730495501544,8.890291392507049
196,36_T1.01B,winooski,504,DEP,C,Riffle Pool,378.6,0.03918,10.9,0.5599328580638667,0.157251060703608,0.7110551548623334,0.1265313724417397,0.9538119906709136,3.703032415475776,0.9549549549549556,2.1441441441441453,3.0990990990990994,2.144144144144144,0.2844391808082065,0.2880381526812523,-0.4006802572624006,0.4989603203644996,0.3020207838543841,0.4932554185150062,0.6507616266549099,26.213681986265183,1.5068613465303329,5.579956411829298,1,0.5546218487394962,0.7079663436432738,0.6535515531492504,0.0396438461832313,2.4236907170150594,0.1640903857912388,1.0661319215928362,26.49592869870109,28.481246698362387,23.025620707871106,11.751188589540412,154.60865687270356,8.326730058108822,0.7085861991458755,60.06544335412267,23.94083465398837,2.037311755450663,312.6939355859148,40.68013734812467,3.4617891661047424,499.8955412213604,51.20839936608557,4.357720836142953,910.3625592760372,58.19070258848389,4.951899303214206,1478.3259848973676,64.8283148441627,5.516745336030569,2119.924387479472,0.9672960215778824,3.581928523263654
197,36_T3.01B,winooski,504,DEP,C,Riffle Pool,1084.2,0.02036,23.5,0.5635617395701161,0.094072145493354,0.9599121806883444,0.0502931912391995,1.10594845351641,2.4660455369279566,1.1411411411411412,2.156156156156156,3.069069069069069,1.927927927927928,0.0876728455710396,0.398066778395182,-0.1750649453126062,0.1946445773541477,0.437943468960063,0.7015795750910812,0.9375051716914924,28.310274857037445,1.5301840860183915,3.773503636003839,1,0.5264797507788161,0.6643508839672911,0.5960431120170875,0.0375553157321478,2.2759468765371373,0.2330705838780546,1.4222930345531113,26.22889662118051,34.14130234274119,29.24275963844309,15.000922339051836,84.8824987053892,10.54740822726434,0.703117314313822,30.48527416241068,26.210570005534034,1.74726389572061,206.6314830729013,39.29579413392363,2.619558534185932,352.22912487994665,49.84228002213614,3.322614363010329,578.1467326608843,58.41634384799852,3.8941834727004423,869.0446481985929,65.47684928979892,4.364854894244957,1226.3664373573097,1.0855878012788982,2.67710895228726
